세션,순번,날짜,시각,문제,모델,모델태그,digest,양자화,컨텍스트설정,회차,상태,종료사유,입력토큰,출력토큰,응답글자수,제약초과,추측여부,위험명령어,응답초,로딩초,프롬프트평가초,생성초,초당토큰,VRAM_MiB,적재상태,미측정사유,미리보기,원문경로,오류,조건,재적재,seed,사고글자수
0916-1635,1,2026-09-16,16:36:04,q01,llama3.1:8b,llama3.1:8b,46e0c10c039e0191193,Q4_K_M,8192,1,정상,정상종료,140,761,1456,,Y,Y,14.13,0.007,0.068,14.048,54.2,5543,GPU,,IPsec VPN 연결 중 Phase 1과 Phase 2 사이에서 발생하는 down 로그와 3초 간격의 끊기…,responses/0916-1635_v2_q01_llama3.1_8b_run1.md,,v2,question,43,0
0916-1635,2,2026-09-16,16:36:24,q02,llama3.1:8b,llama3.1:8b,46e0c10c039e0191193,Q4_K_M,8192,1,정상,정상종료,174,670,1230,,,Y,11.39,0.006,0.126,11.253,59.5,5543,GPU,,FortiGate의 Virtual IP(VIP)로 제공하던 웹 서비스가 갑자기 중단된 경우를 분석해 보겠습니…,responses/0916-1635_v2_q02_llama3.1_8b_run1.md,,v2,question,43,0
0916-1635,3,2026-09-16,16:36:41,q03,llama3.1:8b,llama3.1:8b,46e0c10c039e0191193,Q4_K_M,8192,1,정상,정상종료,137,544,1030,,,Y,8.17,0.004,0.069,8.094,67.2,5543,GPU,,"FortiGate에서 로그가 쌓이지 않고 로그 서버로도 전송되지 않는다면, 이는 로그 전송 설정이 잘못된 경…",responses/0916-1635_v2_q03_llama3.1_8b_run1.md,,v2,question,43,0
0916-1635,4,2026-09-16,16:36:54,q04,llama3.1:8b,llama3.1:8b,46e0c10c039e0191193,Q4_K_M,8192,1,정상,정상종료,146,549,1208,,,Y,8.25,0.005,0.07,8.163,67.3,5543,GPU,,Top down 방식으로 운영하는 FortiGate 정책이 적용되지 않는 문제는 여러 가지 이유가 있을 수 …,responses/0916-1635_v2_q04_llama3.1_8b_run1.md,,v2,question,43,0
0916-1635,5,2026-09-16,16:37:08,q05,llama3.1:8b,llama3.1:8b,46e0c10c039e0191193,Q4_K_M,8192,1,정상,정상종료,144,2068,4426,Y,,Y,31.81,0.005,0.069,31.733,65.2,5543,GPU,,"HA로 구성된 Cisco 스위치에서 STP 루프가 발생했고, HA가 정상적으로 넘어가지 않는다면, 로그 및 …",responses/0916-1635_v2_q05_llama3.1_8b_run1.md,,v2,question,43,0
0916-1635,6,2026-09-16,16:37:45,q06,llama3.1:8b,llama3.1:8b,46e0c10c039e0191193,Q4_K_M,8192,1,정상,정상종료,153,564,1091,,,Y,8.47,0.004,0.07,8.387,67.2,5543,GPU,,네트워크 장비에서 시간이 틀어지는 문제를 해결하기 위한 확인 과정을 안내해드리겠습니다. 1. NTP 서버의 …,responses/0916-1635_v2_q06_llama3.1_8b_run1.md,,v2,question,43,0
0916-1635,7,2026-09-16,16:37:59,q07,llama3.1:8b,llama3.1:8b,46e0c10c039e0191193,Q4_K_M,8192,1,정상,정상종료,164,595,1261,,,Y,9.07,0.006,0.082,8.978,66.3,5543,GPU,,네트워크 장애 분석을 위해 다음과 같은 순서로 로그를 확인하고 설정을 검토해야 합니다. 1. Juniper …,responses/0916-1635_v2_q07_llama3.1_8b_run1.md,,v2,question,43,0
0916-1635,8,2026-09-16,16:38:13,q08,llama3.1:8b,llama3.1:8b,46e0c10c039e0191193,Q4_K_M,8192,1,정상,정상종료,135,910,1998,,,Y,13.69,0.006,0.068,13.614,66.8,5543,GPU,,NetScreen 방화벽과 FortiGate 간 IPsec VPN이 터널 구간 통신이 되면서도 전체 VPN …,responses/0916-1635_v2_q08_llama3.1_8b_run1.md,,v2,question,43,0
0916-1635,9,2026-09-16,16:38:32,q09,llama3.1:8b,llama3.1:8b,46e0c10c039e0191193,Q4_K_M,8192,1,정상,정상종료,152,893,1737,,,Y,13.48,0.005,0.07,13.404,66.6,5543,GPU,,"Cisco 스위치에 광 SFP 모듈을 연결하였으나 인식되지 않는다면, 다음을 확인해 보시길 바랍니다. 1. …",responses/0916-1635_v2_q09_llama3.1_8b_run1.md,,v2,question,43,0
0916-1635,10,2026-09-16,16:38:51,q10,llama3.1:8b,llama3.1:8b,46e0c10c039e0191193,Q4_K_M,8192,1,정상,정상종료,226,647,1246,,,Y,9.75,0.006,0.089,9.652,67.0,5543,GPU,,네트워크 장비를 이전하는 과정에서 발생하는 문제는 일반적입니다. 이 경우에 발생한 문제를 해결하기 위해 순서…,responses/0916-1635_v2_q10_llama3.1_8b_run1.md,,v2,question,43,0
0916-1635,11,2026-09-16,16:39:06,q01,llama3.1:8b,llama3.1:8b,46e0c10c039e0191193,Q4_K_M,8192,2,정상,정상종료,140,525,992,,,Y,7.89,0.002,0.07,7.808,67.2,5543,GPU,,"FortiGate 간 IPsec VPN이 연결되고 라우팅도 정상인 경우, Phase 1과 Phase 2 사이…",responses/0916-1635_v2_q01_llama3.1_8b_run2.md,,v2,question,44,0
0916-1635,12,2026-09-16,16:39:20,q02,llama3.1:8b,llama3.1:8b,46e0c10c039e0191193,Q4_K_M,8192,2,정상,정상종료,174,581,1099,,,Y,8.83,0.006,0.08,8.736,66.5,5543,GPU,,FortiGate의 Virtual IP(VIP)로 제공하는 웹 서비스가 갑자기 중단된 경우에 대해 확인하는 …,responses/0916-1635_v2_q02_llama3.1_8b_run2.md,,v2,question,44,0
0916-1635,13,2026-09-16,16:39:34,q03,llama3.1:8b,llama3.1:8b,46e0c10c039e0191193,Q4_K_M,8192,2,정상,정상종료,137,1009,2177,,,Y,15.45,0.005,0.07,15.369,65.7,5543,GPU,,"FortiGate에서 로그가 쌓이지 않고 로그 서버로도 전송되지 않는다면, 여러 가지 가능한 원인들을 확인하…",responses/0916-1635_v2_q03_llama3.1_8b_run2.md,,v2,question,44,0
0916-1635,14,2026-09-16,16:39:55,q04,llama3.1:8b,llama3.1:8b,46e0c10c039e0191193,Q4_K_M,8192,2,정상,정상종료,146,427,825,,,Y,6.44,0.006,0.072,6.357,67.2,5543,GPU,,"Top down 방식으로 운영하던 FortiGate 정책이 적용되지 않는 문제를 해결하기 위해, 다음의 단계…",responses/0916-1635_v2_q04_llama3.1_8b_run2.md,,v2,question,44,0
0916-1635,15,2026-09-16,16:40:07,q05,llama3.1:8b,llama3.1:8b,46e0c10c039e0191193,Q4_K_M,8192,2,정상,정상종료,144,687,1538,,,Y,10.38,0.005,0.071,10.298,66.7,5543,GPU,,"HA로 구성된 Cisco 스위치에서 STP 루프가 발생하고 HA가 정상적으로 넘어가지 않는 경우, 아래의 절…",responses/0916-1635_v2_q05_llama3.1_8b_run2.md,,v2,question,44,0
0916-1635,16,2026-09-16,16:40:23,q06,llama3.1:8b,llama3.1:8b,46e0c10c039e0191193,Q4_K_M,8192,2,정상,정상종료,153,474,928,,,Y,7.11,0.006,0.071,7.025,67.5,5543,GPU,,네트워크 장비에서 시간을 정확하게 유지하는 것은 중요합니다. Cisco 스위치에서 시간이 틀어진 경우를 확인…,responses/0916-1635_v2_q06_llama3.1_8b_run2.md,,v2,question,44,0
0916-1635,17,2026-09-16,16:40:35,q07,llama3.1:8b,llama3.1:8b,46e0c10c039e0191193,Q4_K_M,8192,2,정상,정상종료,164,797,1678,,,Y,12.13,0.005,0.08,12.035,66.2,5543,GPU,,HA(하이어바치)가 정상적으로 작동하지 않는 문제는 네트워크 환경에서 발생하는 다양한 문제가 원인이 될 수 …,responses/0916-1635_v2_q07_llama3.1_8b_run2.md,,v2,question,44,0
0916-1635,18,2026-09-16,16:40:53,q08,llama3.1:8b,llama3.1:8b,46e0c10c039e0191193,Q4_K_M,8192,2,정상,정상종료,135,687,1470,,,Y,10.37,0.005,0.07,10.289,66.8,5543,GPU,,NetScreen 방화벽과 FortiGate 간 IPsec VPN 연결 문제를 해결하기 위한 확인 순서와 변…,responses/0916-1635_v2_q08_llama3.1_8b_run2.md,,v2,question,44,0
0916-1635,19,2026-09-16,16:41:09,q09,llama3.1:8b,llama3.1:8b,46e0c10c039e0191193,Q4_K_M,8192,2,정상,정상종료,152,720,1409,,,Y,10.9,0.004,0.07,10.818,66.6,5543,GPU,,"Cisco 스위치에 광 SFP 모듈을 연결했으나 인식되지 않는다면, 여러 가지 이유가 있을 수 있습니다. 다…",responses/0916-1635_v2_q09_llama3.1_8b_run2.md,,v2,question,44,0
0916-1635,20,2026-09-16,16:41:25,q10,llama3.1:8b,llama3.1:8b,46e0c10c039e0191193,Q4_K_M,8192,2,정상,정상종료,226,913,1855,,,Y,13.9,0.005,0.089,13.797,66.2,5543,GPU,,네트워크 장비를 이전하는 동안 발생하는 문제를 해결하기 위한 순서와 확인 항목을 다음과 같이 설명합니다. 1…,responses/0916-1635_v2_q10_llama3.1_8b_run2.md,,v2,question,44,0
0916-1635,21,2026-09-16,16:41:45,q01,llama3.1:8b,llama3.1:8b,46e0c10c039e0191193,Q4_K_M,8192,3,정상,정상종료,140,587,1739,,,Y,8.85,0.005,0.071,8.77,66.9,5543,GPU,,"FortiGate의 IPsec VPN이 연결되고 라우팅이 정상인 경우, Phase 1과 Phase 2 사이에…",responses/0916-1635_v2_q01_llama3.1_8b_run3.md,,v2,question,45,0
0916-1635,22,2026-09-16,16:41:59,q02,llama3.1:8b,llama3.1:8b,46e0c10c039e0191193,Q4_K_M,8192,3,정상,정상종료,174,460,864,,,Y,6.91,0.005,0.079,6.818,67.5,5543,GPU,,"FortiGate에서 제공하는 Virtual IP(VIP)으로 웹 서비스를 제공할 때, 다음과 같은 몇 가지…",responses/0916-1635_v2_q02_llama3.1_8b_run3.md,,v2,question,45,0
0916-1635,23,2026-09-16,16:42:11,q03,llama3.1:8b,llama3.1:8b,46e0c10c039e0191193,Q4_K_M,8192,3,정상,정상종료,137,520,1098,,,Y,7.79,0.006,0.07,7.713,67.4,5543,GPU,,FortiGate 로그 문제에 대한 점검 순서를 정리해드리겠습니다. 1. 로그 설정 및 정책 확인 1. 로그…,responses/0916-1635_v2_q03_llama3.1_8b_run3.md,,v2,question,45,0
0916-1635,24,2026-09-16,16:42:24,q04,llama3.1:8b,llama3.1:8b,46e0c10c039e0191193,Q4_K_M,8192,3,정상,정상종료,146,753,1567,,,Y,11.38,0.006,0.071,11.295,66.7,5543,GPU,,Top down 방식으로 운영하던 FortiGate 정책이 적용되지 않는 문제를 해결하기 위해 고려해야 할 …,responses/0916-1635_v2_q04_llama3.1_8b_run3.md,,v2,question,45,0
0916-1635,25,2026-09-16,16:42:41,q05,llama3.1:8b,llama3.1:8b,46e0c10c039e0191193,Q4_K_M,8192,3,정상,정상종료,144,677,1371,,Y,Y,10.21,0.005,0.07,10.132,66.8,5543,GPU,,"HA(하트비트 아키텍처, Heartbeat Architecture) 구성된 Cisco 스위치에서 STP 루프…",responses/0916-1635_v2_q05_llama3.1_8b_run3.md,,v2,question,45,0
0916-1635,26,2026-09-16,16:42:57,q06,llama3.1:8b,llama3.1:8b,46e0c10c039e0191193,Q4_K_M,8192,3,정상,정상종료,153,562,1132,,,Y,8.46,0.006,0.071,8.382,67.0,5543,GPU,,"네트워크 구성의 문제라면, 스위치에 오류가 있지만, 스위치는 네트워크 구성 중 한 부분에 불과하여, 문제는 …",responses/0916-1635_v2_q06_llama3.1_8b_run3.md,,v2,question,45,0
0916-1635,27,2026-09-16,16:43:10,q07,llama3.1:8b,llama3.1:8b,46e0c10c039e0191193,Q4_K_M,8192,3,정상,정상종료,164,798,1717,,,Y,12.08,0.005,0.078,11.99,66.6,5543,GPU,,HA(High Availability) 설정에 문제가 있는 것으로 추정됩니다. HA를 위해 Cisco 스위치…,responses/0916-1635_v2_q07_llama3.1_8b_run3.md,,v2,question,45,0
0916-1635,28,2026-09-16,16:43:28,q08,llama3.1:8b,llama3.1:8b,46e0c10c039e0191193,Q4_K_M,8192,3,정상,정상종료,135,724,1533,,,Y,10.93,0.003,0.07,10.85,66.7,5543,GPU,,NetScreen 방화벽과 FortiGate 간 IPsec VPN 연결을 문제없이 터널 구간 통신이 되지만 …,responses/0916-1635_v2_q08_llama3.1_8b_run3.md,,v2,question,45,0
0916-1635,29,2026-09-16,16:43:44,q09,llama3.1:8b,llama3.1:8b,46e0c10c039e0191193,Q4_K_M,8192,3,정상,정상종료,152,302,645,,,Y,4.52,0.003,0.071,4.442,68.0,5543,GPU,,"Cisco 스위치에서 광 SFP 모듈이 인식되지 않는다면, 먼저 모듈의 상태를 확인하고자 할 것입니다. 장비…",responses/0916-1635_v2_q09_llama3.1_8b_run3.md,,v2,question,45,0
0916-1635,30,2026-09-16,16:43:53,q10,llama3.1:8b,llama3.1:8b,46e0c10c039e0191193,Q4_K_M,8192,3,정상,정상종료,226,572,1141,,,Y,8.81,0.004,0.094,8.711,65.7,5543,GPU,,기존 Cisco 스위치에서 Juniper 스위치로 장비를 이전하는 중에 발생하는 문제를 해결하기 위한 단계별…,responses/0916-1635_v2_q10_llama3.1_8b_run3.md,,v2,question,45,0
0916-1644,1,2026-09-16,16:44:27,q01,qwen3:8b,qwen3:8b,500a1f067a9f782620b,Q4_K_M,8192,1,정상,정상종료,158,1463,2972,,Y,Y,23.96,0.005,0.103,23.845,61.4,5900,GPU,,"IPsec VPN이 연결되고 라우팅도 정상이지만, Phase 1과 Phase 2 사이에서 down 로그가 반…",responses/0916-1644_v2_q01_qwen3_8b_run1.md,,v2,question,43,0
0916-1644,2,2026-09-16,16:44:56,q02,qwen3:8b,qwen3:8b,500a1f067a9f782620b,Q4_K_M,8192,1,정상,정상종료,200,759,1400,,Y,Y,12.32,0.003,0.127,12.182,62.3,5900,GPU,,"FortiGate의 Virtual IP(VIP)로 제공하던 웹 서비스가 갑자기 중단된 경우, 다음과 같은 항…",responses/0916-1644_v2_q02_qwen3_8b_run1.md,,v2,question,43,0
0916-1644,3,2026-09-16,16:45:14,q03,qwen3:8b,qwen3:8b,500a1f067a9f782620b,Q4_K_M,8192,1,정상,정상종료,156,882,1742,,Y,Y,14.85,0.006,0.107,14.73,59.9,5900,GPU,,"FortiGate에서 로그가 쌓이지 않고 로그 서버로 전송되지 않는 경우, 다음과 같은 점검 순서를 따라 문…",responses/0916-1644_v2_q03_qwen3_8b_run1.md,,v2,question,43,0
0916-1644,4,2026-09-16,16:45:34,q04,qwen3:8b,qwen3:8b,500a1f067a9f782620b,Q4_K_M,8192,1,정상,정상종료,166,1005,1868,,,Y,16.89,0.003,0.118,16.764,59.9,5900,GPU,,"FortiGate에서 Top down 방식으로 운영하던 정책이 적용되지 않는 경우, 다음 항목들을 점검해야 …",responses/0916-1644_v2_q04_qwen3_8b_run1.md,,v2,question,43,0
0916-1644,5,2026-09-16,16:45:57,q05,qwen3:8b,qwen3:8b,500a1f067a9f782620b,Q4_K_M,8192,1,정상,정상종료,162,896,1809,,,Y,15.21,0.006,0.116,15.077,59.4,5900,GPU,,"HA(High Availability)로 구성된 Cisco 스위치에서 STP 루프가 발생하고, HA가 정상적…",responses/0916-1644_v2_q05_qwen3_8b_run1.md,,v2,question,43,0
0916-1644,6,2026-09-16,16:46:17,q06,qwen3:8b,qwen3:8b,500a1f067a9f782620b,Q4_K_M,8192,1,정상,정상종료,168,791,1534,,Y,Y,12.69,0.006,0.112,12.565,63.0,5900,GPU,,"Cisco 스위치에서 NTP 설정이 정상이었지만, 유지보수 시 한 대만 시간이 어긋나는 경우, 다음과 같은 …",responses/0916-1644_v2_q06_qwen3_8b_run1.md,,v2,question,43,0
0916-1644,7,2026-09-16,16:46:35,q07,qwen3:8b,qwen3:8b,500a1f067a9f782620b,Q4_K_M,8192,1,정상,정상종료,183,963,2015,,Y,Y,16.09,0.006,0.119,15.956,60.4,5900,GPU,,HA 구성된 Cisco 스위치와 Juniper 스위치가 서로 연결되어 있는 환경에서 Cisco 스위치가 HA…,responses/0916-1644_v2_q07_qwen3_8b_run1.md,,v2,question,43,0
0916-1644,8,2026-09-16,16:46:57,q08,qwen3:8b,qwen3:8b,500a1f067a9f782620b,Q4_K_M,8192,1,정상,정상종료,155,922,1847,,Y,Y,15.36,0.006,0.107,15.236,60.5,5900,GPU,,"IPsec VPN 연결이 터널 구간 통신은 되지만, 전체 연결 상태가 disable 로 표시되는 문제는 일반…",responses/0916-1644_v2_q08_qwen3_8b_run1.md,,v2,question,43,0
0916-1644,9,2026-09-16,16:47:17,q09,qwen3:8b,qwen3:8b,500a1f067a9f782620b,Q4_K_M,8192,1,정상,정상종료,166,924,1822,,,Y,15.24,0.005,0.118,15.112,61.1,5900,GPU,,"Cisco 스위치에 광 SFP 모듈을 연결했으나 인식되지 않는 경우, 다음과 같은 점검 절차와 명령어를 활용…",responses/0916-1644_v2_q09_qwen3_8b_run1.md,,v2,question,43,0
0916-1644,10,2026-09-16,16:47:38,q10,qwen3:8b,qwen3:8b,500a1f067a9f782620b,Q4_K_M,8192,1,정상,정상종료,252,1019,2028,,Y,Y,16.52,0.006,0.135,16.373,62.2,5900,GPU,,"이전 작업 중 VLAN 통신 문제와 루프성 트래픽이 발생한 경우, 아래 순서대로 점검해야 합니다. 확실하지 …",responses/0916-1644_v2_q10_qwen3_8b_run1.md,,v2,question,43,0
0916-1644,11,2026-09-16,16:48:00,q01,qwen3:8b,qwen3:8b,500a1f067a9f782620b,Q4_K_M,8192,2,정상,정상종료,158,1104,2107,,,Y,17.73,0.003,0.106,17.612,62.7,5900,GPU,,"IPsec VPN이 연결되고 라우팅도 정상이지만, Phase 1과 Phase 2 사이에서 반복적으로 down…",responses/0916-1644_v2_q01_qwen3_8b_run2.md,,v2,question,44,0
0916-1644,12,2026-09-16,16:48:23,q02,qwen3:8b,qwen3:8b,500a1f067a9f782620b,Q4_K_M,8192,2,정상,정상종료,200,817,1572,,,Y,13.2,0.006,0.123,13.067,62.5,5900,GPU,,"FortiGate의 Virtual IP(VIP)로 제공하던 웹 서비스가 갑자기 중단된 상황에서, VIP 설정…",responses/0916-1644_v2_q02_qwen3_8b_run2.md,,v2,question,44,0
0916-1644,13,2026-09-16,16:48:41,q03,qwen3:8b,qwen3:8b,500a1f067a9f782620b,Q4_K_M,8192,2,정상,정상종료,156,1081,2067,,Y,Y,17.42,0.003,0.105,17.301,62.5,5900,GPU,,"FortiGate에서 로그가 쌓이지 않고 로그 서버로 전송되지 않는 문제를 해결하기 위해, 다음과 같은 점검…",responses/0916-1644_v2_q03_qwen3_8b_run2.md,,v2,question,44,0
0916-1644,14,2026-09-16,16:49:04,q04,qwen3:8b,qwen3:8b,500a1f067a9f782620b,Q4_K_M,8192,2,정상,정상종료,166,846,1610,,Y,Y,13.64,0.006,0.113,13.512,62.6,5900,GPU,,FortiGate에서 Top down 방식의 정책이 적용되지 않는 문제는 여러 가지 원인을 가질 수 있으므로…,responses/0916-1644_v2_q04_qwen3_8b_run2.md,,v2,question,44,0
0916-1644,15,2026-09-16,16:49:23,q05,qwen3:8b,qwen3:8b,500a1f067a9f782620b,Q4_K_M,8192,2,정상,정상종료,162,1119,2504,,Y,Y,18.39,0.005,0.124,18.255,61.3,5900,GPU,,HA(High Availability)로 구성된 Cisco 스위치에서 STP( Spanning Tree Pr…,responses/0916-1644_v2_q05_qwen3_8b_run2.md,,v2,question,44,0
0916-1644,16,2026-09-16,16:49:46,q06,qwen3:8b,qwen3:8b,500a1f067a9f782620b,Q4_K_M,8192,2,정상,정상종료,168,502,953,,Y,Y,8.05,0.006,0.113,7.927,63.3,5900,GPU,,"NTP 설정이 정상이었지만, 유지보수 시 특정 스위치에서 시간이 틀어진 경우, 우선 확인해야 할 항목은 NT…",responses/0916-1644_v2_q06_qwen3_8b_run2.md,,v2,question,44,0
0916-1644,17,2026-09-16,16:50:00,q07,qwen3:8b,qwen3:8b,500a1f067a9f782620b,Q4_K_M,8192,2,정상,정상종료,183,881,1857,,Y,Y,14.24,0.006,0.118,14.112,62.4,5900,GPU,,"HA 구성이 정상적으로 작동하는 Juniper 스위치는 이미 고가용성 상태를 유지하고 있지만, Cisco 스…",responses/0916-1644_v2_q07_qwen3_8b_run2.md,,v2,question,44,0
0916-1644,18,2026-09-16,16:50:19,q08,qwen3:8b,qwen3:8b,500a1f067a9f782620b,Q4_K_M,8192,2,정상,정상종료,155,734,1396,,Y,Y,11.82,0.007,0.11,11.695,62.8,5900,GPU,,"IPsec VPN 연결 상태가 ""disable""로 표시되더라도 터널 구간 통신이 되는 경우, 문제가 발생하는…",responses/0916-1644_v2_q08_qwen3_8b_run2.md,,v2,question,44,0
0916-1644,19,2026-09-16,16:50:37,q09,qwen3:8b,qwen3:8b,500a1f067a9f782620b,Q4_K_M,8192,2,정상,정상종료,166,826,1628,,,Y,13.45,0.002,0.118,13.321,62.0,5900,GPU,,"Cisco 스위치에 광 SFP 모듈을 연결했으나 인식되지 않는 경우, 먼저 상태를 확인하기 위해 아래 명령어…",responses/0916-1644_v2_q09_qwen3_8b_run2.md,,v2,question,44,0
0916-1644,20,2026-09-16,16:50:55,q10,qwen3:8b,qwen3:8b,500a1f067a9f782620b,Q4_K_M,8192,2,정상,정상종료,252,1229,2236,,,Y,19.89,0.005,0.135,19.747,62.2,5900,GPU,,"이전 작업 중에 발생한 VLAN 통신 오류와 루프 트래픽 문제는 여러 요소에서 발생할 수 있으므로, 체계적인…",responses/0916-1644_v2_q10_qwen3_8b_run2.md,,v2,question,44,0
0916-1644,21,2026-09-16,16:51:21,q01,qwen3:8b,qwen3:8b,500a1f067a9f782620b,Q4_K_M,8192,3,정상,정상종료,158,823,1564,,Y,Y,13.15,0.006,0.105,13.029,63.2,5900,GPU,,"IPsec VPN의 Phase 1과 Phase 2 사이에서 주기적으로 down 로그가 남고, 3초마다 끊기는…",responses/0916-1644_v2_q01_qwen3_8b_run3.md,,v2,question,45,0
0916-1644,22,2026-09-16,16:51:39,q02,qwen3:8b,qwen3:8b,500a1f067a9f782620b,Q4_K_M,8192,3,정상,정상종료,200,799,1622,,,Y,12.78,0.005,0.12,12.648,63.2,5900,GPU,,"FortiGate에서 Virtual IP(VIP)로 제공하는 웹 서비스가 갑자기 중단된 경우, 다음과 같은 …",responses/0916-1644_v2_q02_qwen3_8b_run3.md,,v2,question,45,0
0916-1644,23,2026-09-16,16:51:57,q03,qwen3:8b,qwen3:8b,500a1f067a9f782620b,Q4_K_M,8192,3,정상,정상종료,156,791,1550,,Y,Y,12.61,0.006,0.104,12.494,63.3,5900,GPU,,"FortiGate에서 로그가 쌓이지 않고 로그 서버로 전송되지 않는 문제를 해결하기 위해서는, 로그 생성 및…",responses/0916-1644_v2_q03_qwen3_8b_run3.md,,v2,question,45,0
0916-1644,24,2026-09-16,16:52:15,q04,qwen3:8b,qwen3:8b,500a1f067a9f782620b,Q4_K_M,8192,3,정상,정상종료,166,780,1491,,Y,Y,12.45,0.006,0.111,12.322,63.3,5900,GPU,,"FortiGate 정책이 Top down 방식으로 실행되지 않고, 정확한 포트 번호를 입력했고 정책을 맨 위…",responses/0916-1644_v2_q04_qwen3_8b_run3.md,,v2,question,45,0
0916-1644,25,2026-09-16,16:52:33,q05,qwen3:8b,qwen3:8b,500a1f067a9f782620b,Q4_K_M,8192,3,정상,정상종료,162,1396,2859,,,Y,22.72,0.006,0.112,22.594,61.8,5900,GPU,,"HA(High Availability)로 구성된 Cisco 스위치에서 STP 루프가 발생한 경우, 먼저 하나…",responses/0916-1644_v2_q05_qwen3_8b_run3.md,,v2,question,45,0
0916-1644,26,2026-09-16,16:53:01,q06,qwen3:8b,qwen3:8b,500a1f067a9f782620b,Q4_K_M,8192,3,정상,정상종료,168,970,1885,,Y,Y,15.82,0.003,0.113,15.696,61.8,5900,GPU,,"NTP 시간이 동기화되지 않는 문제는 네트워크에서 상당히 흔한 문제입니다. 문제의 경우, NTP 서버 자체는…",responses/0916-1644_v2_q06_qwen3_8b_run3.md,,v2,question,45,0
0916-1644,27,2026-09-16,16:53:22,q07,qwen3:8b,qwen3:8b,500a1f067a9f782620b,Q4_K_M,8192,3,정상,정상종료,183,981,1943,,Y,Y,15.97,0.006,0.113,15.847,61.9,5900,GPU,,"HA 구성된 네트워크에서 Juniper 스위치는 정상적으로 HA가 작동하지만, Cisco 스위치는 HA가 넘…",responses/0916-1644_v2_q07_qwen3_8b_run3.md,,v2,question,45,0
0916-1644,28,2026-09-16,16:53:43,q08,qwen3:8b,qwen3:8b,500a1f067a9f782620b,Q4_K_M,8192,3,정상,정상종료,155,851,1850,,,Y,14.01,0.006,0.104,13.895,61.2,5900,GPU,,"IPsec VPN에서 터널 구간 통신은 되지만, 전체 연결 상태가 disable 로 표시되는 문제는 일반적으…",responses/0916-1644_v2_q08_qwen3_8b_run3.md,,v2,question,45,0
0916-1644,29,2026-09-16,16:54:03,q09,qwen3:8b,qwen3:8b,500a1f067a9f782620b,Q4_K_M,8192,3,정상,정상종료,166,910,1783,,Y,Y,14.71,0.006,0.114,14.58,62.4,5900,GPU,,"Cisco 스위치에 광 SFP 모듈을 연결했으나 인식되지 않는 문제는 여러 가지 원인이 있을 수 있으므로, …",responses/0916-1644_v2_q09_qwen3_8b_run3.md,,v2,question,45,0
0916-1644,30,2026-09-16,16:54:23,q10,qwen3:8b,qwen3:8b,500a1f067a9f782620b,Q4_K_M,8192,3,정상,정상종료,252,1380,2987,,Y,Y,22.69,0.006,0.138,22.534,61.2,5900,GPU,,"기존 Cisco 스위치에서 Juniper 스위치로 장비 이전 중에 발생한 문제는 VLAN 구성 , 트렁크 인…",responses/0916-1644_v2_q10_qwen3_8b_run3.md,,v2,question,45,0
0916-1655,1,2026-09-16,16:55:38,q01,gemma3:4b,gemma3:4b,a2af6cc3eb7fa8be850,Q4_K_M,8192,1,정상,정상종료,128,1575,3521,Y,,Y,16.17,0.006,0.079,16.082,97.9,2889,GPU,,FortiGate IPsec VPN Phase 1/2 다운 문제 진단 및 해결 방안 안녕하세요. 네트워크 엔…,responses/0916-1655_v2_q01_gemma3_4b_run1.md,,v2,question,43,0
0916-1655,2,2026-09-16,16:56:00,q02,gemma3:4b,gemma3:4b,a2af6cc3eb7fa8be850,Q4_K_M,8192,1,정상,정상종료,160,1511,3253,Y,,Y,15.19,0.003,0.085,15.101,100.1,2889,GPU,,FortiGate Virtual IP (VIP) 웹 서비스 중단 문제 해결 가이드 웹 서비스 중단 문제에 대…,responses/0916-1655_v2_q02_gemma3_4b_run1.md,,v2,question,43,0
0916-1655,3,2026-09-16,16:56:21,q03,gemma3:4b,gemma3:4b,a2af6cc3eb7fa8be850,Q4_K_M,8192,1,정상,정상종료,122,1397,3095,Y,,Y,13.97,0.006,0.078,13.88,100.6,2889,GPU,,네트워크 엔지니어로서 FortiGate에서 로그가 쌓이지 않고 로그 서버로 전송되지 않는 문제를 해결하기 위…,responses/0916-1655_v2_q03_gemma3_4b_run1.md,,v2,question,43,0
0916-1655,4,2026-09-16,16:56:40,q04,gemma3:4b,gemma3:4b,a2af6cc3eb7fa8be850,Q4_K_M,8192,1,정상,정상종료,131,1478,3310,Y,,Y,14.82,0.002,0.079,14.732,100.3,2889,GPU,,네트워크 엔지니어로서 FortiGate 정책 적용 문제에 대해 Top Down 방식으로 접근하여 문제 해결을…,responses/0916-1655_v2_q04_gemma3_4b_run1.md,,v2,question,43,0
0916-1655,5,2026-09-16,16:57:01,q05,gemma3:4b,gemma3:4b,a2af6cc3eb7fa8be850,Q4_K_M,8192,1,정상,정상종료,132,1444,3268,Y,,Y,14.9,0.005,0.079,14.813,97.5,2889,GPU,,네트워크 엔지니어로서 HA 구성된 Cisco 스위치에서 STP 루프 발생 시 HA가 정상적으로 넘어가지 않는…,responses/0916-1655_v2_q05_gemma3_4b_run1.md,,v2,question,43,0
0916-1655,6,2026-09-16,16:57:22,q06,gemma3:4b,gemma3:4b,a2af6cc3eb7fa8be850,Q4_K_M,8192,1,정상,정상종료,132,1343,2833,,,Y,13.52,0.004,0.078,13.437,100.0,2889,GPU,,"네트워크 엔지니어로서, Cisco 스위치에서 NTP 시간이 어긋나는 문제에 대한 진단과 해결 방안을 제시해 …",responses/0916-1655_v2_q06_gemma3_4b_run1.md,,v2,question,43,0
0916-1655,7,2026-09-16,16:57:41,q07,gemma3:4b,gemma3:4b,a2af6cc3eb7fa8be850,Q4_K_M,8192,1,정상,정상종료,146,1517,3530,Y,,Y,15.38,0.006,0.086,15.278,99.3,2889,GPU,,HA 구성 Cisco 스위치 문제 진단 및 해결 방안 현재 상황은 Cisco 스위치와 Juniper 스위치가…,responses/0916-1655_v2_q07_gemma3_4b_run1.md,,v2,question,43,0
0916-1655,8,2026-09-16,16:58:02,q08,gemma3:4b,gemma3:4b,a2af6cc3eb7fa8be850,Q4_K_M,8192,1,정상,정상종료,126,1511,3437,Y,,Y,15.73,0.005,0.081,15.632,96.7,2889,GPU,,NetScreen 방화벽 및 FortiGate 간 IPsec VPN 연결 상태 disable 문제 해결 진단…,responses/0916-1655_v2_q08_gemma3_4b_run1.md,,v2,question,43,0
0916-1655,9,2026-09-16,16:58:24,q09,gemma3:4b,gemma3:4b,a2af6cc3eb7fa8be850,Q4_K_M,8192,1,정상,정상종료,138,1458,3095,Y,,Y,14.8,0.005,0.083,14.705,99.1,2889,GPU,,Cisco 스위치 광 SFP 모듈 인식 문제 해결 및 A/S 문의 가이드 (네트워크 엔지니어) Cisco 스…,responses/0916-1655_v2_q09_gemma3_4b_run1.md,,v2,question,43,0
0916-1655,10,2026-09-16,16:58:44,q10,gemma3:4b,gemma3:4b,a2af6cc3eb7fa8be850,Q4_K_M,8192,1,정상,정상종료,204,1632,3624,Y,,Y,16.82,0.006,0.096,16.71,97.7,2889,GPU,,Cisco 스위치에서 Juniper 스위치로 장비 이전 시 문제 해결 및 안전한 전환 절차 현재 상황은 Ci…,responses/0916-1655_v2_q10_gemma3_4b_run1.md,,v2,question,43,0
0916-1655,11,2026-09-16,16:59:07,q01,gemma3:4b,gemma3:4b,a2af6cc3eb7fa8be850,Q4_K_M,8192,2,정상,정상종료,128,1598,3606,Y,,Y,16.16,0.005,0.078,16.076,99.4,2889,GPU,,FortiGate IPsec VPN Phase 1/2 다운 문제 진단 및 해결 방안 IPsec VPN 연결이…,responses/0916-1655_v2_q01_gemma3_4b_run2.md,,v2,question,44,0
0916-1655,12,2026-09-16,16:59:29,q02,gemma3:4b,gemma3:4b,a2af6cc3eb7fa8be850,Q4_K_M,8192,2,정상,정상종료,160,1426,3242,Y,Y,Y,14.36,0.005,0.085,14.263,100.0,2889,GPU,,FortiGate Virtual IP 웹 서비스 중단 문제 해결을 위한 점검 및 순서 웹 서비스가 Forti…,responses/0916-1655_v2_q02_gemma3_4b_run2.md,,v2,question,44,0
0916-1655,13,2026-09-16,16:59:49,q03,gemma3:4b,gemma3:4b,a2af6cc3eb7fa8be850,Q4_K_M,8192,2,정상,정상종료,122,1517,3411,Y,,Y,15.29,0.005,0.077,15.205,99.8,2889,GPU,,네트워크 엔지니어로서 FortiGate에서 로그가 쌓이지 않고 로그 서버로 전송되지 않는 문제에 대해 진단하…,responses/0916-1655_v2_q03_gemma3_4b_run2.md,,v2,question,44,0
0916-1655,14,2026-09-16,17:00:10,q04,gemma3:4b,gemma3:4b,a2af6cc3eb7fa8be850,Q4_K_M,8192,2,정상,정상종료,131,1403,3057,Y,Y,Y,14.11,0.005,0.078,14.02,100.1,2889,GPU,,네트워크 엔지니어로서 FortiGate 정책 적용 실패 문제에 대해 Top Down 방식으로 접근하여 문제 …,responses/0916-1655_v2_q04_gemma3_4b_run2.md,,v2,question,44,0
0916-1655,15,2026-09-16,17:00:30,q05,gemma3:4b,gemma3:4b,a2af6cc3eb7fa8be850,Q4_K_M,8192,2,정상,정상종료,132,1388,3003,Y,,Y,14.01,0.004,0.078,13.923,99.7,2889,GPU,,네트워크 엔지니어로서 HA(High Availability) 구성의 Cisco 스위치에서 STP(Spanni…,responses/0916-1655_v2_q05_gemma3_4b_run2.md,,v2,question,44,0
0916-1655,16,2026-09-16,17:00:50,q06,gemma3:4b,gemma3:4b,a2af6cc3eb7fa8be850,Q4_K_M,8192,2,정상,정상종료,132,1343,2827,,Y,Y,13.54,0.004,0.078,13.454,99.8,2889,GPU,,"네트워크 엔지니어로서, Cisco 스위치에서 NTP 설정 후 시간 동기화 문제 발생 시, 다음과 같은 점검 …",responses/0916-1655_v2_q06_gemma3_4b_run2.md,,v2,question,44,0
0916-1655,17,2026-09-16,17:01:09,q07,gemma3:4b,gemma3:4b,a2af6cc3eb7fa8be850,Q4_K_M,8192,2,정상,정상종료,146,1523,3326,Y,,Y,15.39,0.004,0.085,15.295,99.6,2889,GPU,,HA 구성 Cisco 스위치 문제 진단 및 해결 방안 현재 상황은 Cisco 스위치가 Juniper 스위치와…,responses/0916-1655_v2_q07_gemma3_4b_run2.md,,v2,question,44,0
0916-1655,18,2026-09-16,17:01:30,q08,gemma3:4b,gemma3:4b,a2af6cc3eb7fa8be850,Q4_K_M,8192,2,정상,정상종료,126,1546,3375,Y,Y,Y,15.58,0.005,0.079,15.494,99.8,2889,GPU,,NetScreen 방화벽 및 FortiGate 간 IPsec VPN 연결 상태 문제 진단 및 해결 NetSc…,responses/0916-1655_v2_q08_gemma3_4b_run2.md,,v2,question,44,0
0916-1655,19,2026-09-16,17:01:52,q09,gemma3:4b,gemma3:4b,a2af6cc3eb7fa8be850,Q4_K_M,8192,2,정상,정상종료,138,1511,3261,Y,,Y,15.22,0.005,0.083,15.125,99.9,2889,GPU,,Cisco 스위치 광 SFP 모듈 인식 문제 해결 및 A/S 문의 가이드 (네트워크 엔지니어) Cisco 스…,responses/0916-1655_v2_q09_gemma3_4b_run2.md,,v2,question,44,0
0916-1655,20,2026-09-16,17:02:13,q10,gemma3:4b,gemma3:4b,a2af6cc3eb7fa8be850,Q4_K_M,8192,2,정상,정상종료,204,1515,3174,Y,,Y,15.76,0.005,0.096,15.655,96.8,2889,GPU,,Cisco 스위치에서 Juniper 스위치로 전환 시 문제 해결 및 작업 순서 현재 상황은 Cisco 스위치…,responses/0916-1655_v2_q10_gemma3_4b_run2.md,,v2,question,44,0
0916-1655,21,2026-09-16,17:02:35,q01,gemma3:4b,gemma3:4b,a2af6cc3eb7fa8be850,Q4_K_M,8192,3,정상,정상종료,128,1666,3816,Y,,Y,16.99,0.006,0.083,16.895,98.6,2889,GPU,,FortiGate 간 IPsec VPN 연결 문제 진단 및 해결 방안 (Phase 1/Phase 2 Down…,responses/0916-1655_v2_q01_gemma3_4b_run3.md,,v2,question,45,0
0916-1655,22,2026-09-16,17:02:58,q02,gemma3:4b,gemma3:4b,a2af6cc3eb7fa8be850,Q4_K_M,8192,3,정상,정상종료,160,1647,3754,Y,,Y,16.71,0.003,0.084,16.621,99.1,2889,GPU,,FortiGate Virtual IP 웹 서비스 중단 문제 진단 및 점검 VIP(Virtual IP)를 통해…,responses/0916-1655_v2_q02_gemma3_4b_run3.md,,v2,question,45,0
0916-1655,23,2026-09-16,17:03:21,q03,gemma3:4b,gemma3:4b,a2af6cc3eb7fa8be850,Q4_K_M,8192,3,정상,정상종료,122,1639,3590,Y,,Y,16.6,0.005,0.079,16.505,99.3,2889,GPU,,네트워크 엔지니어로서 FortiGate에서 로그가 쌓이지 않고 로그 서버로 전송되지 않는 문제에 대한 점검을…,responses/0916-1655_v2_q03_gemma3_4b_run3.md,,v2,question,45,0
0916-1655,24,2026-09-16,17:03:43,q04,gemma3:4b,gemma3:4b,a2af6cc3eb7fa8be850,Q4_K_M,8192,3,정상,정상종료,131,1284,3177,Y,Y,Y,12.89,0.005,0.078,12.803,100.3,2889,GPU,,네트워크 엔지니어로서 FortiGate 정책 적용 실패 문제를 해결하기 위한 Top Down 접근 방식을 제…,responses/0916-1655_v2_q04_gemma3_4b_run3.md,,v2,question,45,0
0916-1655,25,2026-09-16,17:04:02,q05,gemma3:4b,gemma3:4b,a2af6cc3eb7fa8be850,Q4_K_M,8192,3,정상,정상종료,132,1504,3447,Y,Y,Y,15.16,0.004,0.078,15.07,99.8,2889,GPU,,네트워크 엔지니어로서 HA(High Availability) 구성의 Cisco 스위치에서 STP(Spanni…,responses/0916-1655_v2_q05_gemma3_4b_run3.md,,v2,question,45,0
0916-1655,26,2026-09-16,17:04:23,q06,gemma3:4b,gemma3:4b,a2af6cc3eb7fa8be850,Q4_K_M,8192,3,정상,정상종료,132,1396,3092,Y,,Y,14.06,0.005,0.078,13.973,99.9,2889,GPU,,"네트워크 엔지니어로서, Cisco 스위치에서 NTP 시간이 어긋나는 문제에 대한 진단 및 해결 방안을 제시해…",responses/0916-1655_v2_q06_gemma3_4b_run3.md,,v2,question,45,0
0916-1655,27,2026-09-16,17:04:43,q07,gemma3:4b,gemma3:4b,a2af6cc3eb7fa8be850,Q4_K_M,8192,3,정상,정상종료,146,1449,3289,Y,Y,Y,14.68,0.005,0.085,14.584,99.4,2889,GPU,,Cisco 스위치 HA 문제 진단 및 해결 방안 HA 구성된 Cisco 스위치와 Juniper 스위치 간의 …,responses/0916-1655_v2_q07_gemma3_4b_run3.md,,v2,question,45,0
0916-1655,28,2026-09-16,17:05:03,q08,gemma3:4b,gemma3:4b,a2af6cc3eb7fa8be850,Q4_K_M,8192,3,정상,정상종료,126,1433,3306,Y,,Y,14.48,0.005,0.078,14.393,99.6,2889,GPU,,NetScreen 방화벽과 FortiGate 간 IPsec VPN 연결 상태 disable 문제 해결 (30…,responses/0916-1655_v2_q08_gemma3_4b_run3.md,,v2,question,45,0
0916-1655,29,2026-09-16,17:05:23,q09,gemma3:4b,gemma3:4b,a2af6cc3eb7fa8be850,Q4_K_M,8192,3,정상,정상종료,138,1509,3251,Y,,Y,15.34,0.005,0.084,15.246,99.0,2889,GPU,,Cisco 스위치 광 SFP 모듈 인식 불가 문제 해결 및 A/S 문의 가이드 (네트워크 엔지니어) Cisc…,responses/0916-1655_v2_q09_gemma3_4b_run3.md,,v2,question,45,0
0916-1655,30,2026-09-16,17:05:44,q10,gemma3:4b,gemma3:4b,a2af6cc3eb7fa8be850,Q4_K_M,8192,3,정상,정상종료,204,1618,3403,Y,,Y,16.52,0.005,0.095,16.414,98.6,2889,GPU,,Cisco 스위치에서 Juniper 스위치로 전환 시 문제 해결 및 점검 순서 현재 상황은 Cisco 스위치…,responses/0916-1655_v2_q10_gemma3_4b_run3.md,,v2,question,45,0
0918-1816,1,2026-09-18,18:17:14,q09,llama3.1:8b,llama3.1:8b,46e0c10c039e0191193,Q4_K_M,8192,1,정상,정상종료,152,893,1737,,,Y,13.59,0.006,0.069,13.509,66.1,5543,GPU,,"Cisco 스위치에 광 SFP 모듈을 연결하였으나 인식되지 않는다면, 다음을 확인해 보시길 바랍니다. 1. …",responses/0918-1816_test_q09_llama3.1_8b_run1.md,,test,none,43,0
0918-1816,2,2026-09-18,18:17:28,q09,llama3.1:8b,llama3.1:8b,46e0c10c039e0191193,Q4_K_M,8192,2,정상,정상종료,152,558,1045,,,Y,8.47,0.007,0.018,8.39,66.5,5543,GPU,,"Cisco 스위치에 광 SFP 모듈을 연결했으나 인식되지 않는다면, 여러 가지 이유가 있을 수 있습니다. 다…",responses/0918-1816_test_q09_llama3.1_8b_run2.md,,test,none,44,0
0918-1816,3,2026-09-18,18:17:37,q09,llama3.1:8b,llama3.1:8b,46e0c10c039e0191193,Q4_K_M,8192,3,정상,정상종료,152,493,998,,,Y,7.48,0.006,0.017,7.421,66.4,5543,GPU,,"Cisco 스위치에서 광 SFP 모듈이 인식되지 않는다면, 먼저 모듈의 상태를 확인하고자 할 것입니다. SF…",responses/0918-1816_test_q09_llama3.1_8b_run3.md,,test,none,45,0
0918-1816,4,2026-09-18,18:17:44,q09,llama3.1:8b,llama3.1:8b,46e0c10c039e0191193,Q4_K_M,8192,4,정상,정상종료,152,751,1443,,,Y,11.41,0.004,0.018,11.355,66.1,5543,GPU,,Cisco 스위치에서 광 SFP 모듈이 인식되지 않을 경우 확인해야 할 사항과 A/S 방법은 다음과 같습니다…,responses/0918-1816_test_q09_llama3.1_8b_run4.md,,test,none,46,0
0918-1816,5,2026-09-18,18:17:55,q09,llama3.1:8b,llama3.1:8b,46e0c10c039e0191193,Q4_K_M,8192,5,정상,정상종료,152,689,1508,,,Y,10.49,0.007,0.018,10.416,66.1,5543,GPU,,네트워크 장비인 Cisco 스위치에 광 SFP 모듈을 연결했는데도 인식되지 않는다면 확인할 수 있는 사항과 …,responses/0918-1816_test_q09_llama3.1_8b_run5.md,,test,none,47,0
0918-1816,6,2026-09-18,18:18:06,q09,llama3.1:8b,llama3.1:8b,46e0c10c039e0191193,Q4_K_M,8192,6,정상,정상종료,152,717,1346,,,Y,10.91,0.006,0.018,10.841,66.1,5543,GPU,,"Cisco 스위치에서 광 SFP 모듈이 인식되지 않을 때 확인해야 할 사항과 상태를 확인할 수 있는 명령어,…",responses/0918-1816_test_q09_llama3.1_8b_run6.md,,test,none,48,0
0918-1816,7,2026-09-18,18:18:17,q09,llama3.1:8b,llama3.1:8b,46e0c10c039e0191193,Q4_K_M,8192,7,정상,정상종료,152,546,1050,,,Y,8.27,0.003,0.018,8.205,66.5,5543,GPU,,Cisco 스위치에 광 SFP 모듈을 연결했으나 인식되지 않는 경우를 다음과 같이 순서대로 확인해 보겠습니다…,responses/0918-1816_test_q09_llama3.1_8b_run7.md,,test,none,49,0
0918-1816,8,2026-09-18,18:18:25,q09,llama3.1:8b,llama3.1:8b,46e0c10c039e0191193,Q4_K_M,8192,8,정상,정상종료,152,807,1601,,,Y,12.26,0.005,0.018,12.202,66.1,5543,GPU,,"Cisco 스위치에 광 SFP 모듈을 연결했으나 인식되지 않는다면, 다음의 확인 과정을 거치면서 문제를 해결…",responses/0918-1816_test_q09_llama3.1_8b_run8.md,,test,none,50,0
0918-1816,9,2026-09-18,18:18:37,q09,llama3.1:8b,llama3.1:8b,46e0c10c039e0191193,Q4_K_M,8192,9,정상,정상종료,152,665,1331,,,Y,10.14,0.006,0.018,10.069,66.0,5543,GPU,,"Cisco 스위치에서 광 SFP 모듈이 인식되지 않는 경우, 여러 가지 원인과 해결 방법을 살펴보겠습니다. …",responses/0918-1816_test_q09_llama3.1_8b_run9.md,,test,none,51,0
0918-1816,10,2026-09-18,18:18:47,q09,llama3.1:8b,llama3.1:8b,46e0c10c039e0191193,Q4_K_M,8192,10,정상,정상종료,152,720,1377,,,Y,10.97,0.006,0.017,10.904,66.0,5543,GPU,,"네트워크 환경에서 스위치와 광 SFP 모듈의 연결 문제가 발생했을 때, 이 문제를 해결하기 위해 여러 단계의…",responses/0918-1816_test_q09_llama3.1_8b_run10.md,,test,none,52,0
0918-1822,1,2026-09-18,18:22:21,q09,llama3.1:8b,llama3.1:8b,46e0c10c039e0191193,Q4_K_M,8192,1,정상,정상종료,152,558,997,,,Y,8.48,0.007,0.069,8.394,66.5,5543,GPU,,"Cisco 스위치에 광 SFP 모듈을 연결했으나 인식되지 않는다면, 먼저 스위치의 상태를 확인해 보는 것이 …",responses/0918-1822_temp01_q09_llama3.1_8b_run1.md,,temp01,none,43,0
0918-1822,2,2026-09-18,18:22:29,q09,llama3.1:8b,llama3.1:8b,46e0c10c039e0191193,Q4_K_M,8192,2,정상,정상종료,152,467,899,,,Y,7.08,0.006,0.017,7.025,66.5,5543,GPU,,"Cisco 스위치에 광 SFP 모듈을 연결했으나 인식되지 않는다면, 먼저 스위치의 상태를 확인하는 명령어를 …",responses/0918-1822_temp01_q09_llama3.1_8b_run2.md,,temp01,none,44,0
0918-1822,3,2026-09-18,18:22:36,q09,llama3.1:8b,llama3.1:8b,46e0c10c039e0191193,Q4_K_M,8192,3,정상,정상종료,152,489,1022,,,Y,7.41,0.006,0.018,7.354,66.5,5543,GPU,,"Cisco 스위치에 광 SFP 모듈을 연결했으나 인식되지 않는다면, 다음의 확인 과정을 거쳐 문제를 해결해 …",responses/0918-1822_temp01_q09_llama3.1_8b_run3.md,,temp01,none,45,0
0918-1822,4,2026-09-18,18:22:44,q09,llama3.1:8b,llama3.1:8b,46e0c10c039e0191193,Q4_K_M,8192,4,정상,정상종료,152,533,1080,,,Y,8.09,0.006,0.017,8.03,66.4,5543,GPU,,"Cisco 스위치에 광 SFP 모듈을 연결했으나 인식되지 않는다면, 먼저 스위치의 상태를 확인해 보는 것이 …",responses/0918-1822_temp01_q09_llama3.1_8b_run4.md,,temp01,none,46,0
0918-1822,5,2026-09-18,18:22:52,q09,llama3.1:8b,llama3.1:8b,46e0c10c039e0191193,Q4_K_M,8192,5,정상,정상종료,152,535,1127,,,Y,8.12,0.006,0.018,8.064,66.3,5543,GPU,,"Cisco 스위치에 광 SFP 모듈을 연결했으나 인식되지 않는다면, 다음의 확인 과정을 거쳐 문제를 해결해 …",responses/0918-1822_temp01_q09_llama3.1_8b_run5.md,,temp01,none,47,0
0918-1822,6,2026-09-18,18:23:00,q09,llama3.1:8b,llama3.1:8b,46e0c10c039e0191193,Q4_K_M,8192,6,정상,토큰한도,152,8192,13777,Y,,Y,136.85,0.007,0.018,136.779,59.9,5543,GPU,,"Cisco 스위치에 광 SFP 모듈을 연결했으나 인식되지 않는다면, 먼저 스위치의 상태를 확인해 보는 것이 …",responses/0918-1822_temp01_q09_llama3.1_8b_run6.md,,temp01,none,48,0
0918-1822,7,2026-09-18,18:25:17,q09,llama3.1:8b,llama3.1:8b,46e0c10c039e0191193,Q4_K_M,8192,7,정상,정상종료,152,592,1207,,,Y,9.24,0.006,0.073,8.959,66.1,5543,GPU,,"Cisco 스위치에 광 SFP 모듈을 연결했으나 인식되지 않는다면, 먼저 스위치의 상태를 확인하는 명령어를 …",responses/0918-1822_temp01_q09_llama3.1_8b_run7.md,,temp01,none,49,0
0918-1822,8,2026-09-18,18:25:26,q09,llama3.1:8b,llama3.1:8b,46e0c10c039e0191193,Q4_K_M,8192,8,정상,정상종료,152,630,1226,,,Y,9.6,0.004,0.017,9.534,66.1,5543,GPU,,"Cisco 스위치에 광 SFP 모듈을 연결했으나 인식되지 않는다면, 먼저 스위치의 상태를 확인해 보는 것이 …",responses/0918-1822_temp01_q09_llama3.1_8b_run8.md,,temp01,none,50,0
0918-1822,9,2026-09-18,18:25:36,q09,llama3.1:8b,llama3.1:8b,46e0c10c039e0191193,Q4_K_M,8192,9,정상,토큰한도,152,8192,14971,Y,,Y,136.89,0.005,0.018,136.822,59.9,5543,GPU,,"Cisco 스위치에 광 SFP 모듈을 연결했으나 인식되지 않는다면, 먼저 스위치의 상태를 확인해 보는 것이 …",responses/0918-1822_temp01_q09_llama3.1_8b_run9.md,,temp01,none,51,0
0918-1822,10,2026-09-18,18:27:53,q09,llama3.1:8b,llama3.1:8b,46e0c10c039e0191193,Q4_K_M,8192,10,정상,정상종료,152,637,1187,,,Y,9.92,0.004,0.072,9.645,66.0,5543,GPU,,"Cisco 스위치에 광 SFP 모듈을 연결했으나 인식되지 않는다면, 먼저 스위치의 상태를 확인하는 명령어를 …",responses/0918-1822_temp01_q09_llama3.1_8b_run10.md,,temp01,none,52,0
0918-1833,1,2026-09-18,18:33:57,q09,llama3.1:8b,llama3.1:8b,46e0c10c039e0191193,Q4_K_M,8192,1,정상,토큰한도,166,1536,3518,Y,,Y,23.46,0.007,0.077,23.376,65.7,5543,GPU,,Cisco Catalyst 스위치(IOS XE)에 Cisco 정품 광 SFP 모듈을 연결했으나 인식되지 않는…,responses/0918-1833_q09_platform_q09_llama3.1_8b_run1.md,,q09_platform,none,43,0
0918-1833,2,2026-09-18,18:34:20,q09,llama3.1:8b,llama3.1:8b,46e0c10c039e0191193,Q4_K_M,8192,2,정상,정상종료,166,477,958,,,Y,7.26,0.004,0.018,7.169,66.5,5543,GPU,,Cisco Catalyst 스위치(IOS XE)에 Cisco 정품 광 SFP 모듈을 연결했으나 인식되지 않는…,responses/0918-1833_q09_platform_q09_llama3.1_8b_run2.md,,q09_platform,none,44,0
0918-1833,3,2026-09-18,18:34:28,q09,llama3.1:8b,llama3.1:8b,46e0c10c039e0191193,Q4_K_M,8192,3,정상,정상종료,166,508,981,,,Y,7.72,0.006,0.018,7.664,66.3,5543,GPU,,Cisco Catalyst 스위치(IOS XE)에 Cisco 정품 광 SFP 모듈을 연결했으나 인식되지 않는…,responses/0918-1833_q09_platform_q09_llama3.1_8b_run3.md,,q09_platform,none,45,0
0918-1833,4,2026-09-18,18:34:35,q09,llama3.1:8b,llama3.1:8b,46e0c10c039e0191193,Q4_K_M,8192,4,정상,정상종료,166,517,1043,,,Y,7.86,0.004,0.018,7.81,66.2,5543,GPU,,Cisco Catalyst 스위치(IOS XE)에 Cisco 정품 광 SFP 모듈을 연결했으나 인식되지 않는…,responses/0918-1833_q09_platform_q09_llama3.1_8b_run4.md,,q09_platform,none,46,0
0918-1833,5,2026-09-18,18:34:43,q09,llama3.1:8b,llama3.1:8b,46e0c10c039e0191193,Q4_K_M,8192,5,정상,정상종료,166,579,1190,,,Y,8.77,0.004,0.018,8.719,66.4,5543,GPU,,Cisco Catalyst 스위치(IOS XE)에 Cisco 정품 광 SFP 모듈을 연결했으나 인식되지 않는…,responses/0918-1833_q09_platform_q09_llama3.1_8b_run5.md,,q09_platform,none,47,0
0918-1833,6,2026-09-18,18:34:52,q09,llama3.1:8b,llama3.1:8b,46e0c10c039e0191193,Q4_K_M,8192,6,정상,정상종료,166,479,994,,,Y,7.29,0.005,0.018,7.234,66.2,5543,GPU,,Cisco Catalyst 스위치(IOS XE)에 Cisco 정품 광 SFP 모듈을 연결했으나 인식되지 않는…,responses/0918-1833_q09_platform_q09_llama3.1_8b_run6.md,,q09_platform,none,48,0
0918-1833,7,2026-09-18,18:34:59,q09,llama3.1:8b,llama3.1:8b,46e0c10c039e0191193,Q4_K_M,8192,7,정상,토큰한도,166,1536,2924,,,Y,23.61,0.007,0.017,23.552,65.2,5543,GPU,,Cisco Catalyst 스위치(IOS XE)에 Cisco 정품 광 SFP 모듈을 연결했으나 인식되지 않는…,responses/0918-1833_q09_platform_q09_llama3.1_8b_run7.md,,q09_platform,none,49,0
0918-1833,8,2026-09-18,18:35:23,q09,llama3.1:8b,llama3.1:8b,46e0c10c039e0191193,Q4_K_M,8192,8,정상,토큰한도,166,1536,2519,,,Y,23.68,0.006,0.018,23.592,65.1,5543,GPU,,Cisco Catalyst 스위치(IOS XE)에 Cisco 정품 광 SFP 모듈을 연결했으나 인식되지 않는…,responses/0918-1833_q09_platform_q09_llama3.1_8b_run8.md,,q09_platform,none,50,0
0918-1833,9,2026-09-18,18:35:47,q09,llama3.1:8b,llama3.1:8b,46e0c10c039e0191193,Q4_K_M,8192,9,정상,정상종료,166,706,1416,,,Y,10.81,0.005,0.017,10.72,65.9,5543,GPU,,Cisco Catalyst 스위치(IOS XE)에 Cisco 정품 광 SFP 모듈을 연결했으나 인식되지 않는…,responses/0918-1833_q09_platform_q09_llama3.1_8b_run9.md,,q09_platform,none,51,0
0918-1833,10,2026-09-18,18:35:57,q09,llama3.1:8b,llama3.1:8b,46e0c10c039e0191193,Q4_K_M,8192,10,정상,토큰한도,166,1536,3152,Y,,Y,23.72,0.006,0.018,23.655,64.9,5543,GPU,,Cisco Catalyst 스위치(IOS XE)에 Cisco 정품 광 SFP 모듈을 연결했으나 인식되지 않는…,responses/0918-1833_q09_platform_q09_llama3.1_8b_run10.md,,q09_platform,none,52,0
0918-1838,1,2026-09-18,18:38:08,q09,llama3.1:8b,llama3.1:8b,46e0c10c039e0191193,Q4_K_M,8192,1,정상,토큰한도,166,1536,2986,,,Y,28.26,0.006,0.017,28.211,54.4,5543,GPU,,Cisco Catalyst 스위치(IOS XE)에 Cisco 정품 광 SFP 모듈을 연결했으나 인식되지 않는…,responses/0918-1838_q09_strict_q09_llama3.1_8b_run1.md,,q09_strict,none,43,0
0918-1838,2,2026-09-18,18:38:37,q09,llama3.1:8b,llama3.1:8b,46e0c10c039e0191193,Q4_K_M,8192,2,정상,정상종료,166,477,958,,,Y,7.3,0.006,0.017,7.208,66.2,5543,GPU,,Cisco Catalyst 스위치(IOS XE)에 Cisco 정품 광 SFP 모듈을 연결했으나 인식되지 않는…,responses/0918-1838_q09_strict_q09_llama3.1_8b_run2.md,,q09_strict,none,44,0
0918-1838,3,2026-09-18,18:38:44,q09,llama3.1:8b,llama3.1:8b,46e0c10c039e0191193,Q4_K_M,8192,3,정상,정상종료,166,508,981,,,Y,7.72,0.006,0.017,7.67,66.2,5543,GPU,,Cisco Catalyst 스위치(IOS XE)에 Cisco 정품 광 SFP 모듈을 연결했으나 인식되지 않는…,responses/0918-1838_q09_strict_q09_llama3.1_8b_run3.md,,q09_strict,none,45,0
0918-1838,4,2026-09-18,18:38:52,q09,llama3.1:8b,llama3.1:8b,46e0c10c039e0191193,Q4_K_M,8192,4,정상,정상종료,166,517,1043,,,Y,7.84,0.006,0.018,7.808,66.2,5543,GPU,,Cisco Catalyst 스위치(IOS XE)에 Cisco 정품 광 SFP 모듈을 연결했으나 인식되지 않는…,responses/0918-1838_q09_strict_q09_llama3.1_8b_run4.md,,q09_strict,none,46,0
0918-1838,5,2026-09-18,18:38:59,q09,llama3.1:8b,llama3.1:8b,46e0c10c039e0191193,Q4_K_M,8192,5,정상,정상종료,166,579,1190,,,Y,8.75,0.006,0.018,8.721,66.4,5543,GPU,,Cisco Catalyst 스위치(IOS XE)에 Cisco 정품 광 SFP 모듈을 연결했으나 인식되지 않는…,responses/0918-1838_q09_strict_q09_llama3.1_8b_run5.md,,q09_strict,none,47,0
0918-1838,6,2026-09-18,18:39:08,q09,llama3.1:8b,llama3.1:8b,46e0c10c039e0191193,Q4_K_M,8192,6,정상,정상종료,166,479,994,,,Y,7.26,0.006,0.018,7.232,66.2,5543,GPU,,Cisco Catalyst 스위치(IOS XE)에 Cisco 정품 광 SFP 모듈을 연결했으나 인식되지 않는…,responses/0918-1838_q09_strict_q09_llama3.1_8b_run6.md,,q09_strict,none,48,0
0918-1838,7,2026-09-18,18:39:16,q09,llama3.1:8b,llama3.1:8b,46e0c10c039e0191193,Q4_K_M,8192,7,정상,토큰한도,166,1536,2924,,,Y,23.58,0.005,0.018,23.557,65.2,5543,GPU,,Cisco Catalyst 스위치(IOS XE)에 Cisco 정품 광 SFP 모듈을 연결했으나 인식되지 않는…,responses/0918-1838_q09_strict_q09_llama3.1_8b_run7.md,,q09_strict,none,49,0
0918-1838,8,2026-09-18,18:39:39,q09,llama3.1:8b,llama3.1:8b,46e0c10c039e0191193,Q4_K_M,8192,8,정상,토큰한도,166,1536,2519,,,Y,23.59,0.005,0.018,23.564,65.2,5543,GPU,,Cisco Catalyst 스위치(IOS XE)에 Cisco 정품 광 SFP 모듈을 연결했으나 인식되지 않는…,responses/0918-1838_q09_strict_q09_llama3.1_8b_run8.md,,q09_strict,none,50,0
0918-1838,9,2026-09-18,18:40:03,q09,llama3.1:8b,llama3.1:8b,46e0c10c039e0191193,Q4_K_M,8192,9,정상,정상종료,166,706,1416,,,Y,10.74,0.005,0.018,10.715,65.9,5543,GPU,,Cisco Catalyst 스위치(IOS XE)에 Cisco 정품 광 SFP 모듈을 연결했으나 인식되지 않는…,responses/0918-1838_q09_strict_q09_llama3.1_8b_run9.md,,q09_strict,none,51,0
0918-1838,10,2026-09-18,18:40:13,q09,llama3.1:8b,llama3.1:8b,46e0c10c039e0191193,Q4_K_M,8192,10,정상,토큰한도,166,1536,3152,Y,,Y,23.58,0.005,0.018,23.555,65.2,5543,GPU,,Cisco Catalyst 스위치(IOS XE)에 Cisco 정품 광 SFP 모듈을 연결했으나 인식되지 않는…,responses/0918-1838_q09_strict_q09_llama3.1_8b_run10.md,,q09_strict,none,52,0
0918-1841,1,2026-09-18,18:42:02,q09,llama3.1:8b,llama3.1:8b,46e0c10c039e0191193,Q4_K_M,8192,1,정상,정상종료,236,567,1099,,,Y,8.68,0.006,0.095,8.572,66.1,5543,GPU,,Cisco Catalyst 스위치(IOS XE)에 Cisco 정품 광 SFP 모듈을 연결했으나 인식되지 않는…,responses/0918-1841_q09_strict_q09_llama3.1_8b_run1.md,,q09_strict,none,43,0
0918-1841,2,2026-09-18,18:42:10,q09,llama3.1:8b,llama3.1:8b,46e0c10c039e0191193,Q4_K_M,8192,2,정상,정상종료,236,659,1327,,,Y,10.04,0.005,0.017,9.987,66.0,5543,GPU,,Cisco Catalyst 스위치(IOS XE)에 Cisco 정품 광 SFP 모듈을 연결했으나 인식되지 않는…,responses/0918-1841_q09_strict_q09_llama3.1_8b_run2.md,,q09_strict,none,44,0
0918-1841,3,2026-09-18,18:42:20,q09,llama3.1:8b,llama3.1:8b,46e0c10c039e0191193,Q4_K_M,8192,3,정상,정상종료,236,693,1400,,,Y,10.54,0.004,0.018,10.48,66.1,5543,GPU,,Cisco Catalyst 스위치(IOS XE)에 Cisco 정품 광 SFP 모듈을 연결했으나 인식되지 않는…,responses/0918-1841_q09_strict_q09_llama3.1_8b_run3.md,,q09_strict,none,45,0
0918-1841,4,2026-09-18,18:42:31,q09,llama3.1:8b,llama3.1:8b,46e0c10c039e0191193,Q4_K_M,8192,4,정상,정상종료,236,573,1145,,,Y,8.72,0.004,0.017,8.663,66.1,5543,GPU,,Cisco Catalyst 스위치(IOS XE)에 Cisco 정품 광 SFP 모듈을 연결했으나 인식되지 않는…,responses/0918-1841_q09_strict_q09_llama3.1_8b_run4.md,,q09_strict,none,46,0
0918-1841,5,2026-09-18,18:42:40,q09,llama3.1:8b,llama3.1:8b,46e0c10c039e0191193,Q4_K_M,8192,5,정상,토큰한도,236,1536,2479,,,Y,23.76,0.004,0.018,23.698,64.8,5543,GPU,,Cisco Catalyst 스위치(IOS XE)에 Cisco 정품 광 SFP 모듈을 연결했으나 인식되지 않는…,responses/0918-1841_q09_strict_q09_llama3.1_8b_run5.md,,q09_strict,none,47,0
0918-1841,6,2026-09-18,18:43:03,q09,llama3.1:8b,llama3.1:8b,46e0c10c039e0191193,Q4_K_M,8192,6,정상,정상종료,236,651,1324,,,Y,10.0,0.007,0.017,9.913,65.7,5543,GPU,,Cisco Catalyst 스위치(IOS XE)에 Cisco 정품 광 SFP 모듈을 연결했으나 인식되지 않는…,responses/0918-1841_q09_strict_q09_llama3.1_8b_run6.md,,q09_strict,none,48,0
0918-1841,7,2026-09-18,18:43:13,q09,llama3.1:8b,llama3.1:8b,46e0c10c039e0191193,Q4_K_M,8192,7,정상,토큰한도,236,1536,3065,Y,,Y,23.67,0.006,0.017,23.614,65.0,5543,GPU,,Cisco Catalyst 스위치(IOS XE)에 Cisco 정품 광 SFP 모듈을 연결했으나 인식되지 않는…,responses/0918-1841_q09_strict_q09_llama3.1_8b_run7.md,,q09_strict,none,49,0
0918-1841,8,2026-09-18,18:43:37,q09,llama3.1:8b,llama3.1:8b,46e0c10c039e0191193,Q4_K_M,8192,8,정상,정상종료,236,582,1146,,,Y,8.92,0.006,0.018,8.83,65.9,5543,GPU,,Cisco Catalyst 스위치(IOS XE)에 Cisco 정품 광 SFP 모듈을 연결했으나 인식되지 않는…,responses/0918-1841_q09_strict_q09_llama3.1_8b_run8.md,,q09_strict,none,50,0
0918-1841,9,2026-09-18,18:43:46,q09,llama3.1:8b,llama3.1:8b,46e0c10c039e0191193,Q4_K_M,8192,9,정상,정상종료,236,691,1407,,,Y,10.55,0.006,0.018,10.494,65.8,5543,GPU,,Cisco Catalyst 스위치(IOS XE)에 Cisco 정품 광 SFP 모듈을 연결했으나 인식되지 않는…,responses/0918-1841_q09_strict_q09_llama3.1_8b_run9.md,,q09_strict,none,51,0
0918-1841,10,2026-09-18,18:43:56,q09,llama3.1:8b,llama3.1:8b,46e0c10c039e0191193,Q4_K_M,8192,10,정상,토큰한도,236,1536,3039,Y,,Y,23.69,0.005,0.018,23.627,65.0,5543,GPU,,Cisco Catalyst 스위치(IOS XE)에 Cisco 정품 광 SFP 모듈을 연결했으나 인식되지 않는…,responses/0918-1841_q09_strict_q09_llama3.1_8b_run10.md,,q09_strict,none,52,0
0918-1850,1,2026-09-18,18:50:48,q03,llama3.1:8b,llama3.1:8b,46e0c10c039e0191193,Q4_K_M,8192,1,정상,토큰한도,215,1536,3688,Y,,Y,23.45,0.004,0.088,23.357,65.8,5543,GPU,,"FortiGate(FortiOS 7.6)에서 로그가 쌓이지 않고 로그 서버로도 전송되지 않는다면, 여러 가지…",responses/0918-1850_baseline_grounding_q03_llama3.1_8b_run1.md,,baseline_grounding,none,43,0
0918-1850,2,2026-09-18,18:51:11,q09,llama3.1:8b,llama3.1:8b,46e0c10c039e0191193,Q4_K_M,8192,1,정상,정상종료,236,679,1301,,,Y,10.43,0.003,0.045,10.314,65.8,5543,GPU,,Cisco Catalyst 스위치(IOS XE)에 Cisco 정품 광 SFP 모듈을 연결했으나 인식되지 않는…,responses/0918-1850_baseline_grounding_q09_llama3.1_8b_run1.md,,baseline_grounding,none,43,0
0918-1850,3,2026-09-18,18:51:22,q10,llama3.1:8b,llama3.1:8b,46e0c10c039e0191193,Q4_K_M,8192,1,정상,정상종료,297,1422,2711,,,Y,22.0,0.005,0.073,21.881,65.0,5543,GPU,,네트워크 장비를 이전하는 작업은 주의 깊게 진행해야 하는 작업입니다. 현재 상황에서 일부 VLAN만 통신되지…,responses/0918-1850_baseline_grounding_q10_llama3.1_8b_run1.md,,baseline_grounding,none,43,0
0918-1850,4,2026-09-18,18:51:44,q03,llama3.1:8b,llama3.1:8b,46e0c10c039e0191193,Q4_K_M,8192,2,정상,정상종료,215,544,1134,,,Y,8.36,0.004,0.04,8.245,66.0,5543,GPU,,"FortiGate(FortiOS 7.6)에서 로그가 쌓이지 않고 로그 서버로도 전송되지 않는다면, 여러 가지…",responses/0918-1850_baseline_grounding_q03_llama3.1_8b_run2.md,,baseline_grounding,none,44,0
0918-1850,5,2026-09-18,18:51:52,q09,llama3.1:8b,llama3.1:8b,46e0c10c039e0191193,Q4_K_M,8192,2,정상,정상종료,236,617,1239,,,Y,9.44,0.005,0.018,9.363,65.9,5543,GPU,,Cisco Catalyst 스위치(IOS XE)에 Cisco 정품 광 SFP 모듈을 연결했으나 인식되지 않는…,responses/0918-1850_baseline_grounding_q09_llama3.1_8b_run2.md,,baseline_grounding,none,44,0
0918-1850,6,2026-09-18,18:52:02,q10,llama3.1:8b,llama3.1:8b,46e0c10c039e0191193,Q4_K_M,8192,2,정상,정상종료,297,937,1862,,,Y,14.4,0.006,0.073,14.285,65.6,5543,GPU,,네트워크 장비를 이전하는 작업은 주의 깊게 진행해야 하는 작업입니다. Cisco Catalyst 스위치(IO…,responses/0918-1850_baseline_grounding_q10_llama3.1_8b_run2.md,,baseline_grounding,none,44,0
0918-1850,7,2026-09-18,18:52:16,q03,llama3.1:8b,llama3.1:8b,46e0c10c039e0191193,Q4_K_M,8192,3,정상,토큰한도,215,1536,3005,Y,,Y,23.65,0.005,0.017,23.565,65.2,5543,GPU,,"FortiGate(FortiOS 7.6)에서 로그가 쌓이지 않고 로그 서버로도 전송되지 않는다면, 다음과 같…",responses/0918-1850_baseline_grounding_q03_llama3.1_8b_run3.md,,baseline_grounding,none,45,0
0918-1850,8,2026-09-18,18:52:40,q09,llama3.1:8b,llama3.1:8b,46e0c10c039e0191193,Q4_K_M,8192,3,정상,정상종료,236,721,1455,,,Y,11.03,0.006,0.017,10.92,66.0,5543,GPU,,Cisco Catalyst 스위치(IOS XE)에 Cisco 정품 광 SFP 모듈을 연결했으나 인식되지 않는…,responses/0918-1850_baseline_grounding_q09_llama3.1_8b_run3.md,,baseline_grounding,none,45,0
0918-1850,9,2026-09-18,18:52:51,q10,llama3.1:8b,llama3.1:8b,46e0c10c039e0191193,Q4_K_M,8192,3,정상,정상종료,297,824,1727,,,Y,12.65,0.006,0.073,12.522,65.8,5543,GPU,,"네트워크 장비를 이전하는 작업은 주의가 필요합니다. 먼저, 장비를 이전하는 동안 두 장비가 동시에 연결된 상…",responses/0918-1850_baseline_grounding_q10_llama3.1_8b_run3.md,,baseline_grounding,none,45,0
0918-1850,10,2026-09-18,18:53:10,q03,qwen3:8b,qwen3:8b,500a1f067a9f782620b,Q4_K_M,8192,1,정상,정상종료,234,981,1983,,,Y,24.83,8.964,0.187,15.673,62.6,,미적재,,"FortiGate에서 로그가 쌓이지 않고 로그 서버로 전송되지 않는 문제를 해결하기 위해, 다음과 같은 점검…",responses/0918-1850_baseline_grounding_q03_qwen3_8b_run1.md,,baseline_grounding,none,43,0
0918-1850,11,2026-09-18,18:53:35,q09,qwen3:8b,qwen3:8b,500a1f067a9f782620b,Q4_K_M,8192,1,정상,정상종료,257,1219,2307,,,Y,37.62,17.85,0.189,19.576,62.3,,미적재,,"Cisco Catalyst 스위치(IOS XE)에서 Cisco 정품 광 SFP 모듈이 인식되지 않는 경우, …",responses/0918-1850_baseline_grounding_q09_qwen3_8b_run1.md,,baseline_grounding,none,43,0
0918-1850,12,2026-09-18,18:54:13,q10,qwen3:8b,qwen3:8b,500a1f067a9f782620b,Q4_K_M,8192,1,정상,정상종료,324,1480,3056,Y,,Y,42.26,17.985,0.205,24.061,61.5,,미적재,,"이전 작업 중 발생한 VLAN 통신 문제와 루프성 트래픽은 주로 VLAN 설정, 포트 구성, 스위치 간 연결…",responses/0918-1850_baseline_grounding_q10_qwen3_8b_run1.md,,baseline_grounding,none,43,0
0918-1850,13,2026-09-18,18:54:55,q03,qwen3:8b,qwen3:8b,500a1f067a9f782620b,Q4_K_M,8192,2,정상,정상종료,234,1047,2055,,,Y,49.46,32.494,0.174,16.787,62.4,,미적재,,"FortiGate에서 로그가 쌓이지 않고 로그 서버로 전송되지 않는 문제를 해결하기 위해, 다음과 같은 점검…",responses/0918-1850_baseline_grounding_q03_qwen3_8b_run2.md,,baseline_grounding,none,44,0
0918-1850,14,2026-09-18,18:55:45,q09,qwen3:8b,qwen3:8b,500a1f067a9f782620b,Q4_K_M,8192,2,정상,정상종료,257,1300,2583,,,Y,40.02,18.8,0.191,21.021,61.8,,미적재,,Cisco Catalyst 스위치(IOS XE)에서 Cisco 정품 광 SFP 모듈을 연결했으나 인식되지 않…,responses/0918-1850_baseline_grounding_q09_qwen3_8b_run2.md,,baseline_grounding,none,44,0
0918-1850,15,2026-09-18,18:56:25,q10,qwen3:8b,qwen3:8b,500a1f067a9f782620b,Q4_K_M,8192,2,정상,정상종료,324,1096,2072,,,Y,36.33,18.494,0.203,17.624,62.2,,미적재,,"이전 작업 중 발생한 VLAN 통신 문제와 루프성 트래픽은 주로 VLAN 설정, 포트 구성, 스위치 간 트렁…",responses/0918-1850_baseline_grounding_q10_qwen3_8b_run2.md,,baseline_grounding,none,44,0
0918-1850,16,2026-09-18,18:57:01,q03,qwen3:8b,qwen3:8b,500a1f067a9f782620b,Q4_K_M,8192,3,정상,정상종료,234,1092,2156,,,Y,34.9,17.211,0.174,17.509,62.4,,미적재,,"FortiGate에서 로그가 쌓이지 않고 로그 서버로 전송되지 않는 문제를 해결하기 위해, 다음과 같은 점검…",responses/0918-1850_baseline_grounding_q03_qwen3_8b_run3.md,,baseline_grounding,none,45,0
0918-1850,17,2026-09-18,18:57:36,q09,qwen3:8b,qwen3:8b,500a1f067a9f782620b,Q4_K_M,8192,3,정상,정상종료,257,1118,2124,,,Y,42.52,24.302,0.189,18.021,62.0,,미적재,,Cisco Catalyst 스위치(IOS XE)에서 Cisco 정품 광 SFP 모듈을 연결했으나 인식되지 않…,responses/0918-1850_baseline_grounding_q09_qwen3_8b_run3.md,,baseline_grounding,none,45,0
0918-1850,18,2026-09-18,18:58:19,q10,qwen3:8b,qwen3:8b,500a1f067a9f782620b,Q4_K_M,8192,3,정상,정상종료,324,977,1965,,,Y,33.87,17.985,0.204,15.67,62.3,,미적재,,"이전 작업 중에 발생한 VLAN 통신 문제와 루프성 트래픽은 주로 VLAN 설정, 포트 구성, 스위치 간 트…",responses/0918-1850_baseline_grounding_q10_qwen3_8b_run3.md,,baseline_grounding,none,45,0
0918-1850,19,2026-09-18,18:59:26,q03,gemma3:4b,gemma3:4b,a2af6cc3eb7fa8be850,Q4_K_M,8192,1,정상,토큰한도,187,1536,3591,Y,,Y,28.64,8.582,4.422,15.631,98.3,,미적재,,FortiGate 7.6 로그 누수 및 전송 실패 문제 해결 가이드 FortiGate 7.6에서 로그가 쌓이…,responses/0918-1850_baseline_grounding_q03_gemma3_4b_run1.md,,baseline_grounding,none,43,0
0918-1850,20,2026-09-18,18:59:55,q09,gemma3:4b,gemma3:4b,a2af6cc3eb7fa8be850,Q4_K_M,8192,1,정상,정상종료,210,1422,3132,Y,,Y,38.93,24.434,0.111,14.378,98.9,,미적재,,Cisco Catalyst 스위치(IOS XE) SFP 모듈 인식 문제 점검 및 기술 지원 확인 사항 네트워…,responses/0918-1850_baseline_grounding_q09_gemma3_4b_run1.md,,baseline_grounding,none,43,0
0918-1850,21,2026-09-18,19:00:34,q10,gemma3:4b,gemma3:4b,a2af6cc3eb7fa8be850,Q4_K_M,8192,1,정상,토큰한도,266,1536,3175,Y,,Y,44.91,29.074,0.121,15.704,97.8,,미적재,,Cisco Catalyst 스위치(IOS XE) Juniper 스위치(Junos OS) 전환 시 문제 해결 …,responses/0918-1850_baseline_grounding_q10_gemma3_4b_run1.md,,baseline_grounding,none,43,0
0918-1850,22,2026-09-18,19:01:19,q03,gemma3:4b,gemma3:4b,a2af6cc3eb7fa8be850,Q4_K_M,8192,2,정상,정상종료,187,1516,3340,Y,,Y,49.11,33.663,0.106,15.333,98.9,,미적재,,FortiGate 7.6 로그 누수 및 전송 실패 문제 해결 가이드 FortiGate 7.6에서 로그가 쌓이…,responses/0918-1850_baseline_grounding_q03_gemma3_4b_run2.md,,baseline_grounding,none,44,0
0918-1850,23,2026-09-18,19:02:08,q09,gemma3:4b,gemma3:4b,a2af6cc3eb7fa8be850,Q4_K_M,8192,2,정상,정상종료,210,1452,3131,Y,,Y,41.07,26.234,0.111,14.721,98.6,,미적재,,Cisco Catalyst 스위치(IOS XE) SFP 모듈 인식 문제 점검 및 기술 지원 확인 사항 네트워…,responses/0918-1850_baseline_grounding_q09_gemma3_4b_run2.md,,baseline_grounding,none,44,0
0918-1850,24,2026-09-18,19:02:49,q10,gemma3:4b,gemma3:4b,a2af6cc3eb7fa8be850,Q4_K_M,8192,2,정상,정상종료,266,1527,3314,Y,,Y,46.22,30.541,0.126,15.543,98.2,,미적재,,Cisco Catalyst 스위치(IOS XE) Juniper 스위치(Junos OS) 전환 시 문제 해결 …,responses/0918-1850_baseline_grounding_q10_gemma3_4b_run2.md,,baseline_grounding,none,44,0
0918-1850,25,2026-09-18,19:03:35,q03,gemma3:4b,gemma3:4b,a2af6cc3eb7fa8be850,Q4_K_M,8192,3,정상,정상종료,187,1435,3258,Y,,Y,41.8,27.172,0.106,14.511,98.9,,미적재,,FortiGate 7.6 로그 누수 및 전송 실패 문제 해결 가이드 FortiGate 7.6에서 로그가 쌓이…,responses/0918-1850_baseline_grounding_q03_gemma3_4b_run3.md,,baseline_grounding,none,45,0
0918-1850,26,2026-09-18,19:04:17,q09,gemma3:4b,gemma3:4b,a2af6cc3eb7fa8be850,Q4_K_M,8192,3,정상,토큰한도,210,1536,3385,Y,,Y,42.73,27.061,0.108,15.553,98.8,,미적재,,Cisco Catalyst 스위치(IOS XE) SFP 모듈 인식 문제 점검 및 기술 지원 확인 사항 네트워…,responses/0918-1850_baseline_grounding_q09_gemma3_4b_run3.md,,baseline_grounding,none,45,0
0918-1850,27,2026-09-18,19:05:00,q10,gemma3:4b,gemma3:4b,a2af6cc3eb7fa8be850,Q4_K_M,8192,3,정상,정상종료,266,1473,3101,Y,,Y,42.64,27.537,0.123,14.97,98.4,,미적재,,Cisco Catalyst 스위치(IOS XE) Juniper 스위치(Junos OS) 전환 시 문제 해결 …,responses/0918-1850_baseline_grounding_q10_gemma3_4b_run3.md,,baseline_grounding,none,45,0
0918-1853,1,2026-09-18,18:53:15,q03,llama3.1:8b,llama3.1:8b,46e0c10c039e0191193,Q4_K_M,8192,1,정상,정상종료,215,607,1166,,,Y,33.72,24.565,0.13,9.023,67.3,,미적재,,"FortiGate(FortiOS 7.6)에서 로그가 쌓이지 않고 로그 서버로도 전송되지 않는다면, 여러 가지…",responses/0918-1853_baseline_grounding_q03_llama3.1_8b_run1.md,,baseline_grounding,none,43,0
0918-1853,2,2026-09-18,18:53:48,q09,llama3.1:8b,llama3.1:8b,46e0c10c039e0191193,Q4_K_M,8192,1,정상,정상종료,236,610,1168,,,Y,37.8,28.562,0.14,9.089,67.1,,미적재,,Cisco Catalyst 스위치(IOS XE)에 Cisco 정품 광 SFP 모듈을 연결했으나 인식되지 않는…,responses/0918-1853_baseline_grounding_q09_llama3.1_8b_run1.md,,baseline_grounding,none,43,0
0918-1853,3,2026-09-18,18:54:26,q10,llama3.1:8b,llama3.1:8b,46e0c10c039e0191193,Q4_K_M,8192,1,정상,토큰한도,297,1536,3552,Y,,Y,56.75,33.092,0.167,23.487,65.4,,미적재,,네트워크 장비를 이전하는 작업은 주의 깊게 진행해야 하는 작업입니다. 현재 상황에서 일부 VLAN만 통신되지…,responses/0918-1853_baseline_grounding_q10_llama3.1_8b_run1.md,,baseline_grounding,none,43,0
0918-1853,4,2026-09-18,18:55:23,q03,llama3.1:8b,llama3.1:8b,46e0c10c039e0191193,Q4_K_M,8192,2,정상,정상종료,215,669,1249,,,Y,35.76,25.652,0.131,9.975,67.1,,미적재,,"FortiGate(FortiOS 7.6)에서 로그가 쌓이지 않고 로그 서버로도 전송되지 않는다면, 여러 가지…",responses/0918-1853_baseline_grounding_q03_llama3.1_8b_run2.md,,baseline_grounding,none,44,0
0918-1853,5,2026-09-18,18:55:59,q09,llama3.1:8b,llama3.1:8b,46e0c10c039e0191193,Q4_K_M,8192,2,정상,정상종료,236,644,1267,,,Y,39.7,29.945,0.14,9.606,67.0,,미적재,,Cisco Catalyst 스위치(IOS XE)에 Cisco 정품 광 SFP 모듈을 연결했으나 인식되지 않는…,responses/0918-1853_baseline_grounding_q09_llama3.1_8b_run2.md,,baseline_grounding,none,44,0
0918-1853,6,2026-09-18,18:56:39,q10,llama3.1:8b,llama3.1:8b,46e0c10c039e0191193,Q4_K_M,8192,2,정상,정상종료,297,556,1124,,,Y,35.09,26.645,0.168,8.272,67.2,,미적재,,"네트워크 장비를 이전하는 작업은 주의가 필요합니다. 먼저, 현재 상황을 분석해 보겠습니다. 1. 트렁크 구간…",responses/0918-1853_baseline_grounding_q10_llama3.1_8b_run2.md,,baseline_grounding,none,44,0
0918-1853,7,2026-09-18,18:57:14,q03,llama3.1:8b,llama3.1:8b,46e0c10c039e0191193,Q4_K_M,8192,3,정상,정상종료,215,1070,2360,,,Y,42.02,25.67,0.13,16.215,66.0,,미적재,,"FortiGate(FortiOS 7.6)에서 로그가 쌓이지 않고 로그 서버로도 전송되지 않는다면, 여러 가지…",responses/0918-1853_baseline_grounding_q03_llama3.1_8b_run3.md,,baseline_grounding,none,45,0
0918-1853,8,2026-09-18,18:57:56,q09,llama3.1:8b,llama3.1:8b,46e0c10c039e0191193,Q4_K_M,8192,3,정상,정상종료,236,609,1226,,,Y,36.14,26.923,0.14,9.072,67.1,,미적재,,Cisco Catalyst 스위치(IOS XE)에 Cisco 정품 광 SFP 모듈을 연결했으나 인식되지 않는…,responses/0918-1853_baseline_grounding_q09_llama3.1_8b_run3.md,,baseline_grounding,none,45,0
0918-1853,9,2026-09-18,18:58:32,q10,llama3.1:8b,llama3.1:8b,46e0c10c039e0191193,Q4_K_M,8192,3,정상,토큰한도,297,1536,3164,Y,,Y,47.56,23.83,0.167,23.555,65.2,,미적재,,"네트워크 장비를 이전하는 작업은 주의가 필요합니다. 장비를 이전하는 동안, 두 장비가 동시에 연결되어 있기 …",responses/0918-1853_baseline_grounding_q10_llama3.1_8b_run3.md,,baseline_grounding,none,45,0
0918-1853,10,2026-09-18,18:59:30,q03,qwen3:8b,qwen3:8b,500a1f067a9f782620b,Q4_K_M,8192,1,정상,정상종료,234,981,1983,,,Y,45.24,29.376,0.173,15.688,62.5,,미적재,,"FortiGate에서 로그가 쌓이지 않고 로그 서버로 전송되지 않는 문제를 해결하기 위해, 다음과 같은 점검…",responses/0918-1853_baseline_grounding_q03_qwen3_8b_run1.md,,baseline_grounding,none,43,0
0918-1853,11,2026-09-18,19:00:15,q09,qwen3:8b,qwen3:8b,500a1f067a9f782620b,Q4_K_M,8192,1,정상,정상종료,257,1219,2307,,,Y,42.82,22.995,0.188,19.627,62.1,,미적재,,"Cisco Catalyst 스위치(IOS XE)에서 Cisco 정품 광 SFP 모듈이 인식되지 않는 경우, …",responses/0918-1853_baseline_grounding_q09_qwen3_8b_run1.md,,baseline_grounding,none,43,0
0918-1853,12,2026-09-18,19:00:58,q10,qwen3:8b,qwen3:8b,500a1f067a9f782620b,Q4_K_M,8192,1,정상,정상종료,324,1480,3056,Y,,Y,49.47,25.249,0.204,24.006,61.7,,미적재,,"이전 작업 중 발생한 VLAN 통신 문제와 루프성 트래픽은 주로 VLAN 설정, 포트 구성, 스위치 간 연결…",responses/0918-1853_baseline_grounding_q10_qwen3_8b_run1.md,,baseline_grounding,none,43,0
0918-1853,13,2026-09-18,19:01:48,q03,qwen3:8b,qwen3:8b,500a1f067a9f782620b,Q4_K_M,8192,2,정상,정상종료,234,1047,2055,,,Y,41.65,24.645,0.175,16.825,62.2,,미적재,,"FortiGate에서 로그가 쌓이지 않고 로그 서버로 전송되지 않는 문제를 해결하기 위해, 다음과 같은 점검…",responses/0918-1853_baseline_grounding_q03_qwen3_8b_run2.md,,baseline_grounding,none,44,0
0918-1853,14,2026-09-18,19:02:29,q09,qwen3:8b,qwen3:8b,500a1f067a9f782620b,Q4_K_M,8192,2,정상,정상종료,257,1300,2583,,,Y,45.31,24.143,0.19,20.97,62.0,,미적재,,Cisco Catalyst 스위치(IOS XE)에서 Cisco 정품 광 SFP 모듈을 연결했으나 인식되지 않…,responses/0918-1853_baseline_grounding_q09_qwen3_8b_run2.md,,baseline_grounding,none,44,0
0918-1853,15,2026-09-18,19:03:15,q10,qwen3:8b,qwen3:8b,500a1f067a9f782620b,Q4_K_M,8192,2,정상,정상종료,324,1096,2072,,,Y,42.91,25.064,0.205,17.636,62.1,,미적재,,"이전 작업 중 발생한 VLAN 통신 문제와 루프성 트래픽은 주로 VLAN 설정, 포트 구성, 스위치 간 트렁…",responses/0918-1853_baseline_grounding_q10_qwen3_8b_run2.md,,baseline_grounding,none,44,0
0918-1853,16,2026-09-18,19:03:58,q03,qwen3:8b,qwen3:8b,500a1f067a9f782620b,Q4_K_M,8192,3,정상,정상종료,234,1092,2156,,,Y,41.79,24.073,0.175,17.536,62.3,,미적재,,"FortiGate에서 로그가 쌓이지 않고 로그 서버로 전송되지 않는 문제를 해결하기 위해, 다음과 같은 점검…",responses/0918-1853_baseline_grounding_q03_qwen3_8b_run3.md,,baseline_grounding,none,45,0
0918-1853,17,2026-09-18,19:04:39,q09,qwen3:8b,qwen3:8b,500a1f067a9f782620b,Q4_K_M,8192,3,정상,정상종료,257,1118,2124,,,Y,43.1,24.851,0.19,18.056,61.9,,미적재,,Cisco Catalyst 스위치(IOS XE)에서 Cisco 정품 광 SFP 모듈을 연결했으나 인식되지 않…,responses/0918-1853_baseline_grounding_q09_qwen3_8b_run3.md,,baseline_grounding,none,45,0
0918-1853,18,2026-09-18,19:05:23,q10,qwen3:8b,qwen3:8b,500a1f067a9f782620b,Q4_K_M,8192,3,정상,정상종료,324,977,1965,,,Y,40.36,24.504,0.207,15.645,62.4,5900,GPU,,"이전 작업 중에 발생한 VLAN 통신 문제와 루프성 트래픽은 주로 VLAN 설정, 포트 구성, 스위치 간 트…",responses/0918-1853_baseline_grounding_q10_qwen3_8b_run3.md,,baseline_grounding,none,45,0
0918-1853,19,2026-09-18,19:06:08,q03,gemma3:4b,gemma3:4b,a2af6cc3eb7fa8be850,Q4_K_M,8192,1,정상,토큰한도,187,1536,3591,Y,,Y,15.66,0.006,0.091,15.558,98.7,2889,GPU,,FortiGate 7.6 로그 누수 및 전송 실패 문제 해결 가이드 FortiGate 7.6에서 로그가 쌓이…,responses/0918-1853_baseline_grounding_q03_gemma3_4b_run1.md,,baseline_grounding,none,43,0
0918-1853,20,2026-09-18,19:06:24,q09,gemma3:4b,gemma3:4b,a2af6cc3eb7fa8be850,Q4_K_M,8192,1,정상,정상종료,210,1422,3132,Y,,Y,14.55,0.006,0.068,14.413,98.7,2889,GPU,,Cisco Catalyst 스위치(IOS XE) SFP 모듈 인식 문제 점검 및 기술 지원 확인 사항 네트워…,responses/0918-1853_baseline_grounding_q09_gemma3_4b_run1.md,,baseline_grounding,none,43,0
0918-1853,21,2026-09-18,19:06:38,q10,gemma3:4b,gemma3:4b,a2af6cc3eb7fa8be850,Q4_K_M,8192,1,정상,토큰한도,266,1536,3175,Y,,Y,15.84,0.006,0.083,15.685,97.9,2889,GPU,,Cisco Catalyst 스위치(IOS XE) Juniper 스위치(Junos OS) 전환 시 문제 해결 …,responses/0918-1853_baseline_grounding_q10_gemma3_4b_run1.md,,baseline_grounding,none,43,0
0918-1853,22,2026-09-18,19:06:54,q03,gemma3:4b,gemma3:4b,a2af6cc3eb7fa8be850,Q4_K_M,8192,2,정상,정상종료,187,1516,3340,Y,,Y,15.59,0.006,0.064,15.448,98.1,2889,GPU,,FortiGate 7.6 로그 누수 및 전송 실패 문제 해결 가이드 FortiGate 7.6에서 로그가 쌓이…,responses/0918-1853_baseline_grounding_q03_gemma3_4b_run2.md,,baseline_grounding,none,44,0
0918-1853,23,2026-09-18,19:07:10,q09,gemma3:4b,gemma3:4b,a2af6cc3eb7fa8be850,Q4_K_M,8192,2,정상,정상종료,210,1452,3131,Y,,Y,15.0,0.006,0.069,14.86,97.7,2889,GPU,,Cisco Catalyst 스위치(IOS XE) SFP 모듈 인식 문제 점검 및 기술 지원 확인 사항 네트워…,responses/0918-1853_baseline_grounding_q09_gemma3_4b_run2.md,,baseline_grounding,none,44,0
0918-1853,24,2026-09-18,19:07:25,q10,gemma3:4b,gemma3:4b,a2af6cc3eb7fa8be850,Q4_K_M,8192,2,정상,정상종료,266,1527,3314,Y,,Y,15.82,0.006,0.082,15.662,97.5,2889,GPU,,Cisco Catalyst 스위치(IOS XE) Juniper 스위치(Junos OS) 전환 시 문제 해결 …,responses/0918-1853_baseline_grounding_q10_gemma3_4b_run2.md,,baseline_grounding,none,44,0
0918-1853,25,2026-09-18,19:07:41,q03,gemma3:4b,gemma3:4b,a2af6cc3eb7fa8be850,Q4_K_M,8192,3,정상,정상종료,187,1435,3258,Y,,Y,14.7,0.007,0.064,14.56,98.6,2889,GPU,,FortiGate 7.6 로그 누수 및 전송 실패 문제 해결 가이드 FortiGate 7.6에서 로그가 쌓이…,responses/0918-1853_baseline_grounding_q03_gemma3_4b_run3.md,,baseline_grounding,none,45,0
0918-1853,26,2026-09-18,19:07:55,q09,gemma3:4b,gemma3:4b,a2af6cc3eb7fa8be850,Q4_K_M,8192,3,정상,토큰한도,210,1536,3385,Y,,Y,15.81,0.006,0.068,15.669,98.0,2889,GPU,,Cisco Catalyst 스위치(IOS XE) SFP 모듈 인식 문제 점검 및 기술 지원 확인 사항 네트워…,responses/0918-1853_baseline_grounding_q09_gemma3_4b_run3.md,,baseline_grounding,none,45,0
0918-1853,27,2026-09-18,19:08:11,q10,gemma3:4b,gemma3:4b,a2af6cc3eb7fa8be850,Q4_K_M,8192,3,정상,정상종료,266,1473,3101,Y,,Y,15.22,0.006,0.083,15.062,97.8,2889,GPU,,Cisco Catalyst 스위치(IOS XE) Juniper 스위치(Junos OS) 전환 시 문제 해결 …,responses/0918-1853_baseline_grounding_q10_gemma3_4b_run3.md,,baseline_grounding,none,45,0
0918-1938,1,2026-09-18,19:38:06,q10,llama3.1:8b,llama3.1:8b,46e0c10c039e0191193,Q4_K_M,8192,1,정상,정상종료,297,1102,2230,,,Y,17.25,0.006,0.019,17.193,64.1,5543,GPU,,네트워크 장비 전환 시에는 여러 가지 고려 사항이 필요합니다. 먼저 현재 상황을 분석해 보겠습니다. 두 장비…,responses/0918-1938_q10_repeat_q10_llama3.1_8b_run1.md,,q10_repeat,none,43,0
0918-1938,2,2026-09-18,19:38:23,q10,llama3.1:8b,llama3.1:8b,46e0c10c039e0191193,Q4_K_M,8192,2,정상,정상종료,297,648,1268,,,Y,10.14,0.006,0.018,10.057,64.4,5543,GPU,,네트워크 장비 전환 시에는 여러 가지 고려 사항이 필요합니다. 먼저 현재 상황을 분석해 보겠습니다. 두 장비…,responses/0918-1938_q10_repeat_q10_llama3.1_8b_run2.md,,q10_repeat,none,44,0
0918-1938,3,2026-09-18,19:38:33,q10,llama3.1:8b,llama3.1:8b,46e0c10c039e0191193,Q4_K_M,8192,3,정상,정상종료,297,845,1878,,,Y,13.22,0.006,0.018,13.15,64.3,5543,GPU,,네트워크 장비 전환 시에는 여러 가지 고려 사항이 필요합니다. 먼저 현재 상황을 분석해 보겠습니다. 두 장비…,responses/0918-1938_q10_repeat_q10_llama3.1_8b_run3.md,,q10_repeat,none,45,0
0918-1938,4,2026-09-18,19:38:47,q10,llama3.1:8b,llama3.1:8b,46e0c10c039e0191193,Q4_K_M,8192,4,정상,정상종료,297,799,1836,,,Y,12.49,0.006,0.018,12.419,64.3,5543,GPU,,네트워크 장비 전환 시에는 여러 가지 고려 사항이 필요합니다. 먼저 현재 상황을 분석해 보겠습니다. 두 장비…,responses/0918-1938_q10_repeat_q10_llama3.1_8b_run4.md,,q10_repeat,none,46,0
0918-1938,5,2026-09-18,19:38:59,q10,llama3.1:8b,llama3.1:8b,46e0c10c039e0191193,Q4_K_M,8192,5,정상,정상종료,297,916,2137,,,Y,14.34,0.004,0.018,14.267,64.2,5543,GPU,,네트워크 장비 전환 시에는 여러 가지 고려 사항이 필요합니다. 먼저 현재 상황을 분석해 보겠습니다. 두 장비…,responses/0918-1938_q10_repeat_q10_llama3.1_8b_run5.md,,q10_repeat,none,47,0
0918-1938,6,2026-09-18,19:39:13,q10,llama3.1:8b,llama3.1:8b,46e0c10c039e0191193,Q4_K_M,8192,6,정상,정상종료,297,809,1598,,,Y,12.68,0.006,0.018,12.596,64.2,5543,GPU,,네트워크 장비 전환 시에는 여러 가지 고려 사항이 필요합니다. 먼저 현재 상황을 분석해 보겠습니다. 두 장비…,responses/0918-1938_q10_repeat_q10_llama3.1_8b_run6.md,,q10_repeat,none,48,0
0918-1938,7,2026-09-18,19:39:26,q10,llama3.1:8b,llama3.1:8b,46e0c10c039e0191193,Q4_K_M,8192,7,정상,정상종료,297,614,1233,,,Y,9.62,0.006,0.018,9.533,64.4,5543,GPU,,네트워크 장비 전환 시에는 다양한 요인이 고려되어야 합니다. Cisco Catalyst 스위치(IOS XE)…,responses/0918-1938_q10_repeat_q10_llama3.1_8b_run7.md,,q10_repeat,none,49,0
0918-1938,8,2026-09-18,19:39:36,q10,llama3.1:8b,llama3.1:8b,46e0c10c039e0191193,Q4_K_M,8192,8,정상,정상종료,297,1063,2326,,,Y,16.69,0.006,0.018,16.617,64.0,5543,GPU,,"네트워크 장비 전환 시에는 여러 가지 고려할 점이 있습니다. 먼저, 현재 상황에서 발생하는 문제인 루프성 트…",responses/0918-1938_q10_repeat_q10_llama3.1_8b_run8.md,,q10_repeat,none,50,0
0918-1938,9,2026-09-18,19:39:52,q10,llama3.1:8b,llama3.1:8b,46e0c10c039e0191193,Q4_K_M,8192,9,정상,정상종료,297,826,1702,,,Y,12.95,0.004,0.018,12.854,64.3,5543,GPU,,네트워크 장비 전환 시에는 여러 가지 고려 사항이 필요합니다. 먼저 현재 상황을 분석해 보겠습니다. 두 장비…,responses/0918-1938_q10_repeat_q10_llama3.1_8b_run9.md,,q10_repeat,none,51,0
0918-1938,10,2026-09-18,19:40:05,q10,llama3.1:8b,llama3.1:8b,46e0c10c039e0191193,Q4_K_M,8192,10,정상,정상종료,297,703,1467,,,Y,11.0,0.006,0.018,10.914,64.4,5543,GPU,,네트워크 장비 전환 시에는 여러 가지 고려 사항이 필요합니다. 먼저 현재 상황을 분석해 보겠습니다. 두 장비…,responses/0918-1938_q10_repeat_q10_llama3.1_8b_run10.md,,q10_repeat,none,52,0
